game,rom_sha1,name,kind,address,base,offset,size,count,value,description,verified,how,source
BN6 Cybeast Gregar (USA),89fe0bac4fd3d2ab1d2ca35e87ef8b1294a84cd6,BN6_EWRAM,ram,0x02000000,,,,,,"EWRAM, and the structures in it with the fields the engine reads (bn6f's names in the comments: include/structs/)",,,src/emu/bn6.h:8
BN6 Cybeast Gregar (USA),89fe0bac4fd3d2ab1d2ca35e87ef8b1294a84cd6,BN6_KEY_ITEM_SEEDS,ram,0x020004E0,,,,,,"eToolkit Unk2004a8c_Ptr: per key item, its seed ^ 0x55 once given (CheckKeyItem reads 0 where it differs) ... the seeds, a byte per key item (Gregar's code 0x006E3C writes the check, 0x006E50 tests it)",docs/ROM_DATA.md:44 (Key items); docs/ROM_DATA.md:83 (The NaviCust's Spins),"CheckKeyItem (bn6f `0x0803CE2C`) answers 0 for an item whose check byte (`+0x78` array) differs from its seed (`0x020004E0` array) XOR `0x55`: Gregar's code at `0x006E3C` writes the check as the game gives an item, `0x006E50` tests it (Falzar's key is `0x6F`).",src/emu/bn6.h:22
BN6 Cybeast Gregar (USA),89fe0bac4fd3d2ab1d2ca35e87ef8b1294a84cd6,BN6_CHIP_KEYS,ram,0x020008A0,,,,,,a key byte per chip id,docs/ROM_DATA.md:98 (Chips owned),"Found from GiveFolder's per-chip step (`sub_8021B2A`); verify: a folder of LongSwrd, Barrier and PanlGrab written into RAM plays blank in every hand, and with their marks set they draw and play.",src/emu/bn6.h:230
BN6 Cybeast Gregar (USA),89fe0bac4fd3d2ab1d2ca35e87ef8b1294a84cd6,BN6_MAIL_COUNT,ram,0x02001140,,,,,,their count,,,src/emu/bn6.h:216
BN6 Cybeast Gregar (USA),89fe0bac4fd3d2ab1d2ca35e87ef8b1294a84cd6,BN6_GAMESTATE,ram,0x02001B80,,,,,,"eGameState: +0 the sub-mode (SubsystemIndex: 4 on the map, 8/0xC battle)",docs/ROM_DATA.md:22 (The game's structures read field by field); docs/ROM_DATA.md:120 (Home after an act); docs/ROM_DATA.md:125 (The second screen's contexts); docs/ROM_DATA.md:126 (Dev tools),"Verified by `CYBERWORLD_STATE_POS=1`, whose state prints MegaMan's position and every NPC's (`npc N ... at x y z`) where they stand on the map, and by an autopilot run whose log is the same, line for line, as before the names.",src/emu/bn6.h:24
BN6 Cybeast Gregar (USA),89fe0bac4fd3d2ab1d2ca35e87ef8b1294a84cd6,BN6_MAP_GROUP,field,0x02001B84,BN6_GAMESTATE,0x04,,,,MapGroup,docs/ROM_DATA.md:22 (The game's structures read field by field); docs/ROM_DATA.md:120 (Home after an act); docs/ROM_DATA.md:125 (The second screen's contexts); docs/ROM_DATA.md:126 (Dev tools),"Verified by `CYBERWORLD_STATE_POS=1`, whose state prints MegaMan's position and every NPC's (`npc N ... at x y z`) where they stand on the map, and by an autopilot run whose log is the same, line for line, as before the names.",src/emu/bn6.h:25
BN6 Cybeast Gregar (USA),89fe0bac4fd3d2ab1d2ca35e87ef8b1294a84cd6,BN6_MAP_ID,field,0x02001B84,BN6_GAMESTATE,0x04,,,,(MapId: MapGroup and MapNumber as a u16),docs/ROM_DATA.md:22 (The game's structures read field by field); docs/ROM_DATA.md:120 (Home after an act); docs/ROM_DATA.md:125 (The second screen's contexts); docs/ROM_DATA.md:126 (Dev tools),"Verified by `CYBERWORLD_STATE_POS=1`, whose state prints MegaMan's position and every NPC's (`npc N ... at x y z`) where they stand on the map, and by an autopilot run whose log is the same, line for line, as before the names.",src/emu/bn6.h:27
BN6 Cybeast Gregar (USA),89fe0bac4fd3d2ab1d2ca35e87ef8b1294a84cd6,BN6_MAP_NUMBER,field,0x02001B85,BN6_GAMESTATE,0x05,,,,MapNumber: the two read as a u16 are MapId,docs/ROM_DATA.md:22 (The game's structures read field by field); docs/ROM_DATA.md:120 (Home after an act); docs/ROM_DATA.md:125 (The second screen's contexts); docs/ROM_DATA.md:126 (Dev tools),"Verified by `CYBERWORLD_STATE_POS=1`, whose state prints MegaMan's position and every NPC's (`npc N ... at x y z`) where they stand on the map, and by an autopilot run whose log is the same, line for line, as before the names.",src/emu/bn6.h:26
BN6 Cybeast Gregar (USA),89fe0bac4fd3d2ab1d2ca35e87ef8b1294a84cd6,BN6_LAST_MAP,field,0x02001B8C,BN6_GAMESTATE,0x0C,2,,,"LastMapGroup and its number, a u16 map id",docs/ROM_DATA.md:22 (The game's structures read field by field); docs/ROM_DATA.md:120 (Home after an act); docs/ROM_DATA.md:125 (The second screen's contexts); docs/ROM_DATA.md:126 (Dev tools),"Verified by `CYBERWORLD_STATE_POS=1`, whose state prints MegaMan's position and every NPC's (`npc N ... at x y z`) where they stand on the map, and by an autopilot run whose log is the same, line for line, as before the names.",src/emu/bn6.h:28
BN6 Cybeast Gregar (USA),89fe0bac4fd3d2ab1d2ca35e87ef8b1294a84cd6,BN6_SONG_PLAYING,field,0x02001B8F,BN6_GAMESTATE,0x0F,,,,BGMusicIndicator,docs/ROM_DATA.md:22 (The game's structures read field by field); docs/ROM_DATA.md:120 (Home after an act); docs/ROM_DATA.md:125 (The second screen's contexts); docs/ROM_DATA.md:126 (Dev tools),"Verified by `CYBERWORLD_STATE_POS=1`, whose state prints MegaMan's position and every NPC's (`npc N ... at x y z`) where they stand on the map, and by an autopilot run whose log is the same, line for line, as before the names.",src/emu/bn6.h:34
BN6 Cybeast Gregar (USA),89fe0bac4fd3d2ab1d2ca35e87ef8b1294a84cd6,BN6_SAVED_X,field,0x02001BB4,BN6_GAMESTATE,0x34,,,,"SavedRealWorldX: where Lan jacked in, 16.16, which BN6's jack-out returns him to",docs/ROM_DATA.md:22 (The game's structures read field by field); docs/ROM_DATA.md:120 (Home after an act); docs/ROM_DATA.md:125 (The second screen's contexts); docs/ROM_DATA.md:126 (Dev tools),"Verified by `CYBERWORLD_STATE_POS=1`, whose state prints MegaMan's position and every NPC's (`npc N ... at x y z`) where they stand on the map, and by an autopilot run whose log is the same, line for line, as before the names.",src/emu/bn6.h:29
BN6 Cybeast Gregar (USA),89fe0bac4fd3d2ab1d2ca35e87ef8b1294a84cd6,BN6_SAVED_Y,field,0x02001BB8,BN6_GAMESTATE,0x38,,,,"SavedRealWorldY, 16.16",docs/ROM_DATA.md:22 (The game's structures read field by field); docs/ROM_DATA.md:120 (Home after an act); docs/ROM_DATA.md:125 (The second screen's contexts); docs/ROM_DATA.md:126 (Dev tools),"Verified by `CYBERWORLD_STATE_POS=1`, whose state prints MegaMan's position and every NPC's (`npc N ... at x y z`) where they stand on the map, and by an autopilot run whose log is the same, line for line, as before the names.",src/emu/bn6.h:30
BN6 Cybeast Gregar (USA),89fe0bac4fd3d2ab1d2ca35e87ef8b1294a84cd6,BN6_SAVED_Z,field,0x02001BBC,BN6_GAMESTATE,0x3C,,,,"SavedRealWorldZ, 16.16",docs/ROM_DATA.md:22 (The game's structures read field by field); docs/ROM_DATA.md:120 (Home after an act); docs/ROM_DATA.md:125 (The second screen's contexts); docs/ROM_DATA.md:126 (Dev tools),"Verified by `CYBERWORLD_STATE_POS=1`, whose state prints MegaMan's position and every NPC's (`npc N ... at x y z`) where they stand on the map, and by an autopilot run whose log is the same, line for line, as before the names.",src/emu/bn6.h:31
BN6 Cybeast Gregar (USA),89fe0bac4fd3d2ab1d2ca35e87ef8b1294a84cd6,BN6_SAVED_FACING,field,0x02001BC0,BN6_GAMESTATE,0x40,,,,SavedRealWorldFacingDirection: his facing there,docs/ROM_DATA.md:22 (The game's structures read field by field); docs/ROM_DATA.md:120 (Home after an act); docs/ROM_DATA.md:125 (The second screen's contexts); docs/ROM_DATA.md:126 (Dev tools),"Verified by `CYBERWORLD_STATE_POS=1`, whose state prints MegaMan's position and every NPC's (`npc N ... at x y z`) where they stand on the map, and by an autopilot run whose log is the same, line for line, as before the names.",src/emu/bn6.h:32
BN6 Cybeast Gregar (USA),89fe0bac4fd3d2ab1d2ca35e87ef8b1294a84cd6,BN6_SAVED_MAP,field,0x02001BC4,BN6_GAMESTATE,0x44,,,,"SavedRealWorldMapId: its group, then its number",docs/ROM_DATA.md:22 (The game's structures read field by field); docs/ROM_DATA.md:120 (Home after an act); docs/ROM_DATA.md:125 (The second screen's contexts); docs/ROM_DATA.md:126 (Dev tools),"Verified by `CYBERWORLD_STATE_POS=1`, whose state prints MegaMan's position and every NPC's (`npc N ... at x y z`) where they stand on the map, and by an autopilot run whose log is the same, line for line, as before the names.",src/emu/bn6.h:33
BN6 Cybeast Gregar (USA),89fe0bac4fd3d2ab1d2ca35e87ef8b1294a84cd6,BN6_ZENNY,field,0x02001BDC,BN6_GAMESTATE,0x5C,4,,,"ProtectedZenny, u32",docs/ROM_DATA.md:22 (The game's structures read field by field); docs/ROM_DATA.md:120 (Home after an act); docs/ROM_DATA.md:125 (The second screen's contexts); docs/ROM_DATA.md:126 (Dev tools),"Verified by `CYBERWORLD_STATE_POS=1`, whose state prints MegaMan's position and every NPC's (`npc N ... at x y z`) where they stand on the map, and by an autopilot run whose log is the same, line for line, as before the names.",src/emu/bn6.h:35
BN6 Cybeast Gregar (USA),89fe0bac4fd3d2ab1d2ca35e87ef8b1294a84cd6,BN6_BUGFRAGS,field,0x02001BE0,BN6_GAMESTATE,0x60,4,,,"ProtectedBugfrags, u32",docs/ROM_DATA.md:67 (GiveZenny and GiveBugfrags),"Verify: a guest battle won on a BN5 layer adds its results screen's zenny to the PET's, and its BugFrags to the state's `bugfrags` (BN5's results screen, above); `--talk bugfrags:FRAME` adds 50.",src/emu/bn6.h:36
BN6 Cybeast Gregar (USA),89fe0bac4fd3d2ab1d2ca35e87ef8b1294a84cd6,BN6_EVENT_FLAGS,ram,0x02001C88,,,,,,eEventFlags: flag n is bit 0x80 >> (n & 7) of byte n / 8,,,src/emu/bn6.h:37
BN6 Cybeast Gregar (USA),89fe0bac4fd3d2ab1d2ca35e87ef8b1294a84cd6,chip_folders,ram,0x02002178,,,,,,Chip folders,docs/ROM_DATA.md:94 (Chip folders),,docs/ROM_DATA.md:94
BN6 Cybeast Gregar (USA),89fe0bac4fd3d2ab1d2ca35e87ef8b1294a84cd6,key_items,ram,0x02003134,,,,,,Key items,docs/ROM_DATA.md:44 (Key items); docs/ROM_DATA.md:83 (The NaviCust's Spins),"CheckKeyItem (bn6f `0x0803CE2C`) answers 0 for an item whose check byte (`+0x78` array) differs from its seed (`0x020004E0` array) XOR `0x55`: Gregar's code at `0x006E3C` writes the check as the game gives an item, `0x006E50` tests it (Falzar's key is `0x6F`).",docs/ROM_DATA.md:44
BN6 Cybeast Gregar (USA),89fe0bac4fd3d2ab1d2ca35e87ef8b1294a84cd6,BN6_NAVICUST_GRID,ram,0x0200414C,,,,,,"the board as a 7x7 grid, a byte a cell: its placed program's index + 1, 0 none (bn6f sub_813B9B4; docs/NAVICUST.md)",,,src/emu/bn6.h:161
BN6 Cybeast Gregar (USA),89fe0bac4fd3d2ab1d2ca35e87ef8b1294a84cd6,BN6_NAVICUST_PLACED,ram,0x02004190,,,,,,"the programs on the NaviCust's board, 8 bytes each: +0 u16 program * 4 + colour variant, +3 column, +4 row, +5 turns; 0 ends",docs/ROM_DATA.md:117 (NaviCust's board),Check with `tools/romlab`: load a state with programs placed and dump both.,src/emu/bn6.h:158
BN6 Cybeast Gregar (USA),89fe0bac4fd3d2ab1d2ca35e87ef8b1294a84cd6,BN6_NAVICUST_BUGS,ram,0x0200431C,,,,,,"the NaviCust's bug counts, one byte per type 0-15 (docs/NAVICUST.md)",docs/ROM_DATA.md:109 (NaviCust),"Checked against the NaviCust screen: SuprArmr and Custom1 cannot share the 4x4 board without a bug (a playtester's, and `navicust_pack`), and share the 5x4.",src/emu/bn6.h:157
BN6 Cybeast Gregar (USA),89fe0bac4fd3d2ab1d2ca35e87ef8b1294a84cd6,BN6_MYSTERY_PICKS,ram,0x02004348,,,,,,per flag 0x1400+n: chosen placement and content,docs/ROM_DATA.md:28 (Map takeover),"Verify: `CYBERWORLD_AUTOPILOT=weak build.py shot --scene emu --seed 1 --setup short,0,0,0 --frames 32000`, home after each act, wins the Nest (the runlog's `run over at depth 10`).",src/emu/bn6.h:246
BN6 Cybeast Gregar (USA),89fe0bac4fd3d2ab1d2ca35e87ef8b1294a84cd6,BN6_NAVI_STATS,ram,0x020047CC,,,,,,eNaviStats0: MegaMan's (NaviStats),docs/ROM_DATA.md:22 (The game's structures read field by field); docs/ROM_DATA.md:115 (Reg memory and RegUps); docs/ROM_DATA.md:126 (Dev tools),"Verified by `CYBERWORLD_STATE_POS=1`, whose state prints MegaMan's position and every NPC's (`npc N ... at x y z`) where they stand on the map, and by an autopilot run whose log is the same, line for line, as before the names.",src/emu/bn6.h:144
BN6 Cybeast Gregar (USA),89fe0bac4fd3d2ab1d2ca35e87ef8b1294a84cd6,BN6_NAVI_ATTACK,field,0x020047CD,BN6_NAVI_STATS,0x01,,,,"Attack, Speed and Charge: the buster's levels less one (0-4), as the NaviCust's RUN ... makes them (bn6f applyNavicustPrograms_813C684: Attack+1 to ChargMAX, BustPack, ... each capped at 4); a battle reads its copy's (a shot's damage Attack + 1, sub_801265A)",docs/ROM_DATA.md:63 (The run's buster in BN5's battles),"Verify in the game: an Attack+1 run (seed 6's layer-1 gift with `--run-depth 1 --net-biome x0`, placed and RUN in the NaviCust, STATUS then showing Attack LV 2) prints ""guest: battle ..., buster Attack 2, Speed 1, Charge 1"" and ""guest: its battle's buster Attack 2, Speed 1, Charge 1"" with `CYBERWORLD_EMU_DEBUG=1`, and its first shot takes a Mettaur from 40 HP to 38.",src/emu/bn6.h:154
BN6 Cybeast Gregar (USA),89fe0bac4fd3d2ab1d2ca35e87ef8b1294a84cd6,BN6_NAVI_SPEED,field,0x020047CE,BN6_NAVI_STATS,0x02,,,,"Attack, Speed and Charge: the buster's levels less one (0-4), as the NaviCust's RUN ... makes them (bn6f applyNavicustPrograms_813C684: Attack+1 to ChargMAX, BustPack, ... each capped at 4); a battle reads its copy's (a shot's damage Attack + 1, sub_801265A)",docs/ROM_DATA.md:63 (The run's buster in BN5's battles),"Verify in the game: an Attack+1 run (seed 6's layer-1 gift with `--run-depth 1 --net-biome x0`, placed and RUN in the NaviCust, STATUS then showing Attack LV 2) prints ""guest: battle ..., buster Attack 2, Speed 1, Charge 1"" and ""guest: its battle's buster Attack 2, Speed 1, Charge 1"" with `CYBERWORLD_EMU_DEBUG=1`, and its first shot takes a Mettaur from 40 HP to 38.",src/emu/bn6.h:155
BN6 Cybeast Gregar (USA),89fe0bac4fd3d2ab1d2ca35e87ef8b1294a84cd6,BN6_NAVI_CHARGE,field,0x020047CF,BN6_NAVI_STATS,0x03,,,,"Attack, Speed and Charge: the buster's levels less one (0-4), as the NaviCust's RUN ... makes them (bn6f applyNavicustPrograms_813C684: Attack+1 to ChargMAX, BustPack, ... each capped at 4); a battle reads its copy's (a shot's damage Attack + 1, sub_801265A)",docs/ROM_DATA.md:63 (The run's buster in BN5's battles),"Verify in the game: an Attack+1 run (seed 6's layer-1 gift with `--run-depth 1 --net-biome x0`, placed and RUN in the NaviCust, STATUS then showing Attack LV 2) prints ""guest: battle ..., buster Attack 2, Speed 1, Charge 1"" and ""guest: its battle's buster Attack 2, Speed 1, Charge 1"" with `CYBERWORLD_EMU_DEBUG=1`, and its first shot takes a Mettaur from 40 HP to 38.",src/emu/bn6.h:156
BN6 Cybeast Gregar (USA),89fe0bac4fd3d2ab1d2ca35e87ef8b1294a84cd6,BN6_NAVI_REG,field,0x020047D5,BN6_NAVI_STATS,0x09,,,,"RegUP: Reg memory in MB, made again from the RegUP items as one is given",docs/ROM_DATA.md:115 (Reg memory and RegUps),"Verify: dev talk `regup` (RegUP3) on a fresh run: MegaMan says 7 MB, and the folder shows 7MB.",src/emu/bn6.h:148
BN6 Cybeast Gregar (USA),89fe0bac4fd3d2ab1d2ca35e87ef8b1294a84cd6,BN6_NAVI_MEGA_LEVEL,field,0x020047D7,BN6_NAVI_STATS,0x0B,,,,"MegaLevel and GigaLevel: the Megas and Gigas a folder may hold (""You can use only N MegaChips."", bn6f CompText86CF1A8)",docs/ROM_DATA.md:22 (The game's structures read field by field); docs/ROM_DATA.md:115 (Reg memory and RegUps); docs/ROM_DATA.md:126 (Dev tools),"Verified by `CYBERWORLD_STATE_POS=1`, whose state prints MegaMan's position and every NPC's (`npc N ... at x y z`) where they stand on the map, and by an autopilot run whose log is the same, line for line, as before the names.",src/emu/bn6.h:149
BN6 Cybeast Gregar (USA),89fe0bac4fd3d2ab1d2ca35e87ef8b1294a84cd6,BN6_NAVI_GIGA_LEVEL,field,0x020047D8,BN6_NAVI_STATS,0x0C,,,,GigaLevel: the Gigas a folder may hold,docs/ROM_DATA.md:22 (The game's structures read field by field); docs/ROM_DATA.md:115 (Reg memory and RegUps); docs/ROM_DATA.md:126 (Dev tools),"Verified by `CYBERWORLD_STATE_POS=1`, whose state prints MegaMan's position and every NPC's (`npc N ... at x y z`) where they stand on the map, and by an autopilot run whose log is the same, line for line, as before the names.",src/emu/bn6.h:150
BN6 Cybeast Gregar (USA),89fe0bac4fd3d2ab1d2ca35e87ef8b1294a84cd6,BN6_NAVI_FOLDER1_REG,field,0x020047FA,BN6_NAVI_STATS,0x2E,,,,"Folder1Reg: the first folder's Regular chip, its entry; 0xFF none",docs/ROM_DATA.md:22 (The game's structures read field by field); docs/ROM_DATA.md:115 (Reg memory and RegUps); docs/ROM_DATA.md:126 (Dev tools),"Verified by `CYBERWORLD_STATE_POS=1`, whose state prints MegaMan's position and every NPC's (`npc N ... at x y z`) where they stand on the map, and by an autopilot run whose log is the same, line for line, as before the names.",src/emu/bn6.h:151
BN6 Cybeast Gregar (USA),89fe0bac4fd3d2ab1d2ca35e87ef8b1294a84cd6,BN6_NAVI_BASE_MAX_HP,field,0x0200480A,BN6_NAVI_STATS,0x3E,2,,,"MaxBaseHP, u16: HPMemory counts into it, programs on top (bn6f NaviStats)",docs/ROM_DATA.md:22 (The game's structures read field by field); docs/ROM_DATA.md:115 (Reg memory and RegUps); docs/ROM_DATA.md:126 (Dev tools),"Verified by `CYBERWORLD_STATE_POS=1`, whose state prints MegaMan's position and every NPC's (`npc N ... at x y z`) where they stand on the map, and by an autopilot run whose log is the same, line for line, as before the names.",src/emu/bn6.h:147
BN6 Cybeast Gregar (USA),89fe0bac4fd3d2ab1d2ca35e87ef8b1294a84cd6,BN6_NAVI_HP,field,0x0200480C,BN6_NAVI_STATS,0x40,2,,,"CurHP and MaxHP, u16",docs/ROM_DATA.md:22 (The game's structures read field by field); docs/ROM_DATA.md:115 (Reg memory and RegUps); docs/ROM_DATA.md:126 (Dev tools),"Verified by `CYBERWORLD_STATE_POS=1`, whose state prints MegaMan's position and every NPC's (`npc N ... at x y z`) where they stand on the map, and by an autopilot run whose log is the same, line for line, as before the names.",src/emu/bn6.h:145
BN6 Cybeast Gregar (USA),89fe0bac4fd3d2ab1d2ca35e87ef8b1294a84cd6,BN6_NAVI_MAX_HP,field,0x0200480E,BN6_NAVI_STATS,0x42,2,,,"CurHP and MaxHP, u16",docs/ROM_DATA.md:22 (The game's structures read field by field); docs/ROM_DATA.md:115 (Reg memory and RegUps); docs/ROM_DATA.md:126 (Dev tools),"Verified by `CYBERWORLD_STATE_POS=1`, whose state prints MegaMan's position and every NPC's (`npc N ... at x y z`) where they stand on the map, and by an autopilot run whose log is the same, line for line, as before the names.",src/emu/bn6.h:146
BN6 Cybeast Gregar (USA),89fe0bac4fd3d2ab1d2ca35e87ef8b1294a84cd6,BN6_NAVI_FOLDER1_TAG,field,0x02004822,BN6_NAVI_STATS,0x56,,,,"Folder1Tag1 and Tag2: its TagChips, their entries; 0xFF none",docs/ROM_DATA.md:22 (The game's structures read field by field); docs/ROM_DATA.md:115 (Reg memory and RegUps); docs/ROM_DATA.md:126 (Dev tools),"Verified by `CYBERWORLD_STATE_POS=1`, whose state prints MegaMan's position and every NPC's (`npc N ... at x y z`) where they stand on the map, and by an autopilot run whose log is the same, line for line, as before the names.",src/emu/bn6.h:152
BN6 Cybeast Gregar (USA),89fe0bac4fd3d2ab1d2ca35e87ef8b1294a84cd6,BN6_NAVI_FOLDER1_TAG2,field,0x02004823,BN6_NAVI_STATS,0x57,,,,Folder1Tag2: its second TagChip's entry; 0xFF none,docs/ROM_DATA.md:22 (The game's structures read field by field); docs/ROM_DATA.md:115 (Reg memory and RegUps); docs/ROM_DATA.md:126 (Dev tools),"Verified by `CYBERWORLD_STATE_POS=1`, whose state prints MegaMan's position and every NPC's (`npc N ... at x y z`) where they stand on the map, and by an autopilot run whose log is the same, line for line, as before the names.",src/emu/bn6.h:153
BN6 Cybeast Gregar (USA),89fe0bac4fd3d2ab1d2ca35e87ef8b1294a84cd6,navicust_spins,ram,0x02004A8C,,,,,,The NaviCust's Spins,docs/ROM_DATA.md:83 (The NaviCust's Spins),"CheckKeyItem (bn6f `0x0803CE2C`) answers 0 for an item whose check byte (`+0x78` array) differs from its seed (`0x020004E0` array) XOR `0x55`: Gregar's code at `0x006E3C` writes the check as the game gives an item, `0x006E50` tests it (Falzar's key is `0x6F`).",docs/ROM_DATA.md:83
BN6 Cybeast Gregar (USA),89fe0bac4fd3d2ab1d2ca35e87ef8b1294a84cd6,BN6_NPC_OBJECTS,ram,0x020057B0,,,3456,16,,"The overworld's NPC objects (eOverworldNPCObjects): 16 of 0xD8 bytes, fields from each one's start",docs/ROM_DATA.md:22 (The game's structures read field by field),"Verified by `CYBERWORLD_STATE_POS=1`, whose state prints MegaMan's position and every NPC's (`npc N ... at x y z`) where they stand on the map, and by an autopilot run whose log is the same, line for line, as before the names.",src/emu/bn6.h:64
BN6 Cybeast Gregar (USA),89fe0bac4fd3d2ab1d2ca35e87ef8b1294a84cd6,BN6_MAIL_LIST,ram,0x02006530,,,,,,"the mail ids, newest first",,,src/emu/bn6.h:215
BN6 Cybeast Gregar (USA),89fe0bac4fd3d2ab1d2ca35e87ef8b1294a84cd6,BN6_TOOLKIT,ram,0x020093B0,,,,,,eToolkit: +0 points at the main mode (subsystem) index,,,src/emu/bn6.h:10
BN6 Cybeast Gregar (USA),89fe0bac4fd3d2ab1d2ca35e87ef8b1294a84cd6,BN6_TOOLKIT_SUBMENU,field,0x020093E4,BN6_TOOLKIT,0x34,,,,"eToolkit SubmenuPtr: the PET screen's state (0x02009A30), its first byte the screen: ... the ChipFolder list (bn6f HandleChipFolderMenu8123434) ... SubChip ... the Library ... MegaMan's status ... E-Mail ... KeyItem ... Comm ... Save ... the folder editor (bn6f sub_8133200) ... the NaviCustomizer (bn6f sub_81356D4)",,,src/emu/bn6.h:363
BN6 Cybeast Gregar (USA),89fe0bac4fd3d2ab1d2ca35e87ef8b1294a84cd6,BN6_TOOLKIT_STEPS,field,0x020093F0,BN6_TOOLKIT,0x40,,,,"eToolkit S2001c04_Ptr: the encounter roll's walk (bn6f sub_80AA4C0): +0x12 the distance walked since the last battle (its chance rises with it, a check each 0x40), +0x14 where it last checked; both cleared as a map is entered",,,src/emu/bn6.h:12
BN6 Cybeast Gregar (USA),89fe0bac4fd3d2ab1d2ca35e87ef8b1294a84cd6,BN6_TOOLKIT_CHIPS,field,0x020093F8,BN6_TOOLKIT,0x48,,,,"eToolkit +0x48: the chips' data (0x02002178): folders of 30 u16 from +0, 0x3C each (bn6f sub_8021AB4)",,,src/emu/bn6.h:11
BN6 Cybeast Gregar (USA),89fe0bac4fd3d2ab1d2ca35e87ef8b1294a84cd6,BN6_TOOLKIT_PACK,field,0x020093FC,BN6_TOOLKIT,0x4C,,,,"eToolkit: the pack, 12 bytes a chip id: a count (99 at most) per code of its record's four",,,src/emu/bn6.h:229
BN6 Cybeast Gregar (USA),89fe0bac4fd3d2ab1d2ca35e87ef8b1294a84cd6,BN6_TOOLKIT_KEY_ITEMS,field,0x02009400,BN6_TOOLKIT,0x50,,,,eToolkit KeyItemsPtr: a count per key item,,,src/emu/bn6.h:20
BN6 Cybeast Gregar (USA),89fe0bac4fd3d2ab1d2ca35e87ef8b1294a84cd6,BN6_TOOLKIT_SHOP_DATA,field,0x02009404,BN6_TOOLKIT,0x54,,,,eToolkit ShopDataPtr: 8-byte stock entries of every shop,,,src/emu/bn6.h:23
BN6 Cybeast Gregar (USA),89fe0bac4fd3d2ab1d2ca35e87ef8b1294a84cd6,BN6_TOOLKIT_KEY_CHECK,field,0x02009428,BN6_TOOLKIT,0x78,,,,"eToolkit Unk2004a8c_Ptr: per key item, its seed ^ 0x55 once given (CheckKeyItem reads 0 where it differs) ... the seeds, a byte per key item (Gregar's code 0x006E3C writes the check, 0x006E50 tests it)",docs/ROM_DATA.md:123 (The second screen's NaviCustomizer),"Verified on 5 October 2026 in a run through `tools/play.py` with `--dev programs=8` and the memory watched: DOWN moved +0x20, and +0x24 past the fourth row; A took Custom1 up (+0x02 `0x10`, then `0x14`) and A placed it (`0x04`; the placed list's first entry `0x08` at column 3, row 2; the list lost its entry); LEFT went to the board (`0x08`), A on a placed program offered move and remove (`0x1C`), and move held it (`0x20`, `0x24`), its entry back in the list.",src/emu/bn6.h:21
BN6 Cybeast Gregar (USA),89fe0bac4fd3d2ab1d2ca35e87ef8b1294a84cd6,BN6_TOOLKIT_CHIP_MARKS,field,0x0200942C,BN6_TOOLKIT,0x7C,,,,"eToolkit: a byte per chip id, the chip's key XOR BN6_CHIP_KEY_XOR where owned",,,src/emu/bn6.h:228
BN6 Cybeast Gregar (USA),89fe0bac4fd3d2ab1d2ca35e87ef8b1294a84cd6,pet_screen_state,ram,0x02009A30,,,,,,The second screen's contexts: the PET screen's state,docs/ROM_DATA.md:123 (The second screen's NaviCustomizer); docs/ROM_DATA.md:125 (The second screen's contexts),"Verified on 5 October 2026 in a run through `tools/play.py` with `--dev programs=8` and the memory watched: DOWN moved +0x20, and +0x24 past the fourth row; A took Custom1 up (+0x02 `0x10`, then `0x14`) and A placed it (`0x04`; the placed list's first entry `0x08` at column 3, row 2; the list lost its entry); LEFT went to the board (`0x08`), A on a placed program offered move and remove (`0x1C`), and move held it (`0x20`, `0x24`), its entry back in the list.",docs/ROM_DATA.md:125
BN6 Cybeast Gregar (USA),89fe0bac4fd3d2ab1d2ca35e87ef8b1294a84cd6,BN6_CHATBOX,ram,0x02009CD0,,,,,,eChatbox: +0 Visible,docs/ROM_DATA.md:21 (Boot and warps),Found in the bn6f disassembly and tested in `tools/romlab`.,src/emu/bn6.h:39
BN6 Cybeast Gregar (USA),89fe0bac4fd3d2ab1d2ca35e87ef8b1294a84cd6,BN6_CHATBOX_STATE,field,0x02009CD4,BN6_CHATBOX,0x04,,,,TextScriptState_04,docs/ROM_DATA.md:21 (Boot and warps),Found in the bn6f disassembly and tested in `tools/romlab`.,src/emu/bn6.h:40
BN6 Cybeast Gregar (USA),89fe0bac4fd3d2ab1d2ca35e87ef8b1294a84cd6,BN6_CHATBOX_OPEN,field,0x02009CE0,BN6_CHATBOX,0x10,,,,OpenState_10,docs/ROM_DATA.md:21 (Boot and warps),Found in the bn6f disassembly and tested in `tools/romlab`.,src/emu/bn6.h:41
BN6 Cybeast Gregar (USA),89fe0bac4fd3d2ab1d2ca35e87ef8b1294a84cd6,BN6_CHATBOX_JUMP,field,0x02009CE1,BN6_CHATBOX,0x11,,,,JumpTableOffset_11,docs/ROM_DATA.md:21 (Boot and warps),Found in the bn6f disassembly and tested in `tools/romlab`.,src/emu/bn6.h:42
BN6 Cybeast Gregar (USA),89fe0bac4fd3d2ab1d2ca35e87ef8b1294a84cd6,BN6_CHATBOX_OPTIONS,field,0x02009CE2,BN6_CHATBOX,0x12,,,,"the options on the page so far (bn6f's ts_option counts them; a page clears it): 2 and up, a choice is shown",docs/ROM_DATA.md:21 (Boot and warps),Found in the bn6f disassembly and tested in `tools/romlab`.,src/emu/bn6.h:44
BN6 Cybeast Gregar (USA),89fe0bac4fd3d2ab1d2ca35e87ef8b1294a84cd6,BN6_CHATBOX_CURSOR,field,0x02009CE3,BN6_CHATBOX,0x13,,,,"the choice's option under the cursor, 0 first (bn6f ChoiceCursorPos)",docs/ROM_DATA.md:21 (Boot and warps),Found in the bn6f disassembly and tested in `tools/romlab`.,src/emu/bn6.h:45
BN6 Cybeast Gregar (USA),89fe0bac4fd3d2ab1d2ca35e87ef8b1294a84cd6,BN6_CHATBOX_SCRIPT_AT,field,0x02009CFC,BN6_CHATBOX,0x2C,,,,TextScriptCursorPtr: where the script reads,docs/ROM_DATA.md:21 (Boot and warps),Found in the bn6f disassembly and tested in `tools/romlab`.,src/emu/bn6.h:46
BN6 Cybeast Gregar (USA),89fe0bac4fd3d2ab1d2ca35e87ef8b1294a84cd6,BN6_CHATBOX_ARCHIVE,field,0x02009D00,BN6_CHATBOX,0x30,,,,TextScriptPtr: the archive it runs,docs/ROM_DATA.md:21 (Boot and warps),Found in the bn6f disassembly and tested in `tools/romlab`.,src/emu/bn6.h:47
BN6 Cybeast Gregar (USA),89fe0bac4fd3d2ab1d2ca35e87ef8b1294a84cd6,BN6_CHATBOX_BOX_FLAGS,field,0x02009D0E,BN6_CHATBOX,0x3E,2,,,"flags_3E (0x0100 the box hidden), u16",docs/ROM_DATA.md:21 (Boot and warps),Found in the bn6f disassembly and tested in `tools/romlab`.,src/emu/bn6.h:48
BN6 Cybeast Gregar (USA),89fe0bac4fd3d2ab1d2ca35e87ef8b1294a84cd6,BN6_CHATBOX_WORD0,field,0x02009D1C,BN6_CHATBOX,0x4C,,,,Unk_4C and ... Unk_50: the words a script prints (a trader's prize chip and its code),docs/ROM_DATA.md:21 (Boot and warps),Found in the bn6f disassembly and tested in `tools/romlab`.,src/emu/bn6.h:49
BN6 Cybeast Gregar (USA),89fe0bac4fd3d2ab1d2ca35e87ef8b1294a84cd6,BN6_CHATBOX_WORD1,field,0x02009D20,BN6_CHATBOX,0x50,,,,Unk_4C and ... Unk_50: the words a script prints (a trader's prize chip and its code),docs/ROM_DATA.md:21 (Boot and warps),Found in the bn6f disassembly and tested in `tools/romlab`.,src/emu/bn6.h:50
BN6 Cybeast Gregar (USA),89fe0bac4fd3d2ab1d2ca35e87ef8b1294a84cd6,BN6_CHATBOX_FLAGS,ram,0x02009F38,,,,,,eFlags2009F38,docs/ROM_DATA.md:21 (Boot and warps); docs/ROM_DATA.md:41 (The BugFrag Trader's trade),Found in the bn6f disassembly and tested in `tools/romlab`.,src/emu/bn6.h:51
BN6 Cybeast Gregar (USA),89fe0bac4fd3d2ab1d2ca35e87ef8b1294a84cd6,BN6_PLAYER,ram,0x02009F40,,,,,,the overworld player object (OverworldPlayerObject),docs/ROM_DATA.md:22 (The game's structures read field by field),"Verified by `CYBERWORLD_STATE_POS=1`, whose state prints MegaMan's position and every NPC's (`npc N ... at x y z`) where they stand on the map, and by an autopilot run whose log is the same, line for line, as before the names.",src/emu/bn6.h:52
BN6 Cybeast Gregar (USA),89fe0bac4fd3d2ab1d2ca35e87ef8b1294a84cd6,BN6_PLAYER_STATE,field,0x02009F49,BN6_PLAYER,0x09,,,,JumptableIndex_09,docs/ROM_DATA.md:22 (The game's structures read field by field),"Verified by `CYBERWORLD_STATE_POS=1`, whose state prints MegaMan's position and every NPC's (`npc N ... at x y z`) where they stand on the map, and by an autopilot run whose log is the same, line for line, as before the names.",src/emu/bn6.h:53
BN6 Cybeast Gregar (USA),89fe0bac4fd3d2ab1d2ca35e87ef8b1294a84cd6,BN6_PLAYER_FACING,field,0x02009F50,BN6_PLAYER,0x10,,,,"FacingDirection, 0-7",docs/ROM_DATA.md:22 (The game's structures read field by field),"Verified by `CYBERWORLD_STATE_POS=1`, whose state prints MegaMan's position and every NPC's (`npc N ... at x y z`) where they stand on the map, and by an autopilot run whose log is the same, line for line, as before the names.",src/emu/bn6.h:54
BN6 Cybeast Gregar (USA),89fe0bac4fd3d2ab1d2ca35e87ef8b1294a84cd6,BN6_PLAYER_ANIM,field,0x02009F54,BN6_PLAYER,0x14,,,,AnimationSelect: the facing it is drawn with,docs/ROM_DATA.md:22 (The game's structures read field by field),"Verified by `CYBERWORLD_STATE_POS=1`, whose state prints MegaMan's position and every NPC's (`npc N ... at x y z`) where they stand on the map, and by an autopilot run whose log is the same, line for line, as before the names.",src/emu/bn6.h:55
BN6 Cybeast Gregar (USA),89fe0bac4fd3d2ab1d2ca35e87ef8b1294a84cd6,BN6_PLAYER_LOCKED,field,0x02009F57,BN6_PLAYER,0x17,,,,InteractionLocked,docs/ROM_DATA.md:22 (The game's structures read field by field),"Verified by `CYBERWORLD_STATE_POS=1`, whose state prints MegaMan's position and every NPC's (`npc N ... at x y z`) where they stand on the map, and by an autopilot run whose log is the same, line for line, as before the names.",src/emu/bn6.h:56
BN6 Cybeast Gregar (USA),89fe0bac4fd3d2ab1d2ca35e87ef8b1294a84cd6,BN6_PLAYER_X,field,0x02009F5C,BN6_PLAYER,0x1C,,,,"X, Y and Z in world units, 16.16 (bn6_player_x and the others read them)",docs/ROM_DATA.md:22 (The game's structures read field by field),"Verified by `CYBERWORLD_STATE_POS=1`, whose state prints MegaMan's position and every NPC's (`npc N ... at x y z`) where they stand on the map, and by an autopilot run whose log is the same, line for line, as before the names.",src/emu/bn6.h:57
BN6 Cybeast Gregar (USA),89fe0bac4fd3d2ab1d2ca35e87ef8b1294a84cd6,BN6_PLAYER_Y,field,0x02009F60,BN6_PLAYER,0x20,,,,"X, Y and Z in world units, 16.16 (bn6_player_x and the others read them)",docs/ROM_DATA.md:22 (The game's structures read field by field),"Verified by `CYBERWORLD_STATE_POS=1`, whose state prints MegaMan's position and every NPC's (`npc N ... at x y z`) where they stand on the map, and by an autopilot run whose log is the same, line for line, as before the names.",src/emu/bn6.h:58
BN6 Cybeast Gregar (USA),89fe0bac4fd3d2ab1d2ca35e87ef8b1294a84cd6,BN6_PLAYER_Z,field,0x02009F64,BN6_PLAYER,0x24,,,,"X, Y and Z in world units, 16.16 (bn6_player_x and the others read them)",docs/ROM_DATA.md:22 (The game's structures read field by field),"Verified by `CYBERWORLD_STATE_POS=1`, whose state prints MegaMan's position and every NPC's (`npc N ... at x y z`) where they stand on the map, and by an autopilot run whose log is the same, line for line, as before the names.",src/emu/bn6.h:59
BN6 Cybeast Gregar (USA),89fe0bac4fd3d2ab1d2ca35e87ef8b1294a84cd6,BN6_PLAYER_NEXT_X,field,0x02009F68,BN6_PLAYER,0x28,,,,NextX and NextY: where this frame's step goes,docs/ROM_DATA.md:22 (The game's structures read field by field),"Verified by `CYBERWORLD_STATE_POS=1`, whose state prints MegaMan's position and every NPC's (`npc N ... at x y z`) where they stand on the map, and by an autopilot run whose log is the same, line for line, as before the names.",src/emu/bn6.h:60
BN6 Cybeast Gregar (USA),89fe0bac4fd3d2ab1d2ca35e87ef8b1294a84cd6,BN6_PLAYER_NEXT_Y,field,0x02009F6C,BN6_PLAYER,0x2C,,,,NextX and NextY: where this frame's step goes,docs/ROM_DATA.md:22 (The game's structures read field by field),"Verified by `CYBERWORLD_STATE_POS=1`, whose state prints MegaMan's position and every NPC's (`npc N ... at x y z`) where they stand on the map, and by an autopilot run whose log is the same, line for line, as before the names.",src/emu/bn6.h:61
BN6 Cybeast Gregar (USA),89fe0bac4fd3d2ab1d2ca35e87ef8b1294a84cd6,sprites_behind_second,ram,0x02009FE5,,,,,,Sprites behind the second layer,docs/ROM_DATA.md:68 (Sprites behind the second layer),Found by logging OAM entries near the screen's middle and the object's bytes per area (`--net-biome 0`-`17`); check: +0xA5 reads 0x0C on a layer in 0x91:0 and 0x08 in 0x91:1.,docs/ROM_DATA.md:68
BN6 Cybeast Gregar (USA),89fe0bac4fd3d2ab1d2ca35e87ef8b1294a84cd6,BN6_BATTLE_RESULT,ram,0x0200A009,,,,,,last battle: 1 won,,,src/emu/bn6.h:81
BN6 Cybeast Gregar (USA),89fe0bac4fd3d2ab1d2ca35e87ef8b1294a84cd6,BN6_BATTLE_REWARD,ram,0x0200A00C,,,,,,"the reward picked as the battle ended (u16, a row's entry)",docs/ROM_DATA.md:96 (Battle rewards),"Found in romlab from the results screen's reward back to the chooser; verify: two Mettaurs at Busting S give Rflectr1 A, and with their row's chip entries recoded to P in the core's copy, the results screen and the pack show Rflectr1 P.",src/emu/bn6.h:19
BN6 Cybeast Gregar (USA),89fe0bac4fd3d2ab1d2ca35e87ef8b1294a84cd6,BN6_KEYS_PRESSED,ram,0x0200A272,,,,,,"eJoypad +2: the keys just pressed (u16, the GBA's bits)",docs/ROM_DATA.md:87 (The PET menu),"Verify: in a run, the PET shows Save lit and Comm grey; A on Comm buzzes, A on Save closes the PET and ""Run saved"" shows.",src/emu/bn6.h:191
BN6 Cybeast Gregar (USA),89fe0bac4fd3d2ab1d2ca35e87ef8b1294a84cd6,main_jump_table_index,ram,0x0200A480,,,,,,The second screen's contexts: the main jump table's index,docs/ROM_DATA.md:125 (The second screen's contexts),"Verified on 5 October 2026 in a run played through `tools/play.py` with `CYBERWORLD_WATCH='*020093B0:1,02001B80:2,*020093E4:64'` (the debug output's memory watch): START gave GameState `0x18`; ChipFolder the main index `0x28` and the screen `0x00`; EDIT `0x20`; MegaMan `0x0C`; his NaviCust `0x24`.",docs/ROM_DATA.md:125
BN6 Cybeast Gregar (USA),89fe0bac4fd3d2ab1d2ca35e87ef8b1294a84cd6,BN6_TRADER_STATE,ram,0x0200AC80,,,,,,eS200AC80,docs/ROM_DATA.md:41 (The BugFrag Trader's trade),"Verify with `tools/play.py start bt --seed 11835737 -- --scene emu --net-biome 4 --run-depth 2 --talk bugfrags:2600,bugtrader:2800`, A pressed through Chaud's call first: Yes gives a Navi chip (ChrgeMan \*, in the pack), 50 BugFrags become 40 (the state's `bugfrags`), five trades end at 0 and the sixth Yes shows the not-enough line and ends the chat, no chip given; after No at either question the chat ends and the PET opens.",src/emu/bn6.h:272
BN6 Cybeast Gregar (USA),89fe0bac4fd3d2ab1d2ca35e87ef8b1294a84cd6,BN6_TRADER_STATE_PRIZE,field,0x0200AC84,BN6_TRADER_STATE,0x04,,,,"the prize's chip, then its code (u16 each)",docs/ROM_DATA.md:41 (The BugFrag Trader's trade),"Verify with `tools/play.py start bt --seed 11835737 -- --scene emu --net-biome 4 --run-depth 2 --talk bugfrags:2600,bugtrader:2800`, A pressed through Chaud's call first: Yes gives a Navi chip (ChrgeMan \*, in the pack), 50 BugFrags become 40 (the state's `bugfrags`), five trades end at 0 and the sixth Yes shows the not-enough line and ends the chat, no chip given; after No at either question the chat ends and the PET opens.",src/emu/bn6.h:273
BN6 Cybeast Gregar (USA),89fe0bac4fd3d2ab1d2ca35e87ef8b1294a84cd6,BN6_TRADER_STATE_30,field,0x0200ACB0,BN6_TRADER_STATE,0x30,2,,,u16 the machine clears with the prize after a trade,docs/ROM_DATA.md:41 (The BugFrag Trader's trade),"Verify with `tools/play.py start bt --seed 11835737 -- --scene emu --net-biome 4 --run-depth 2 --talk bugfrags:2600,bugtrader:2800`, A pressed through Chaud's call first: Yes gives a Navi chip (ChrgeMan \*, in the pack), 50 BugFrags become 40 (the state's `bugfrags`), five trades end at 0 and the sixth Yes shows the not-enough line and ends the chat, no chip given; after No at either question the chat ends and the PET opens.",src/emu/bn6.h:274
BN6 Cybeast Gregar (USA),89fe0bac4fd3d2ab1d2ca35e87ef8b1294a84cd6,BN6_DIALOGUE_LOCK,ram,0x0200ACE0,,,,,,eStruct200ace0 +0: 1 while a non-NPC dialogue holds the player (no talking to NPCs),,,src/emu/bn6.h:255
BN6 Cybeast Gregar (USA),89fe0bac4fd3d2ab1d2ca35e87ef8b1294a84cd6,BN6_PET_MENU,ram,0x0200DF20,,,,,,"The PET menu (docs/ROM_DATA.md, the PET): ePETMenuData, +0 its state, +4 the cursor (6 Comm, 7 Save), +5 bit 0 open, +0xF the entry the engine's hook on its input took (7 Save); the state table's pointer to its input handler, and that handler; the grey's store to Save's colour",docs/ROM_DATA.md:87 (The PET menu),"Verify: in a run, the PET shows Save lit and Comm grey; A on Comm buzzes, A on Save closes the PET and ""Run saved"" shows.",src/emu/bn6.h:186
BN6 Cybeast Gregar (USA),89fe0bac4fd3d2ab1d2ca35e87ef8b1294a84cd6,BN6_PET_CURSOR,field,0x0200DF24,BN6_PET_MENU,0x04,,,,"the cursor: 6 Comm, 7 Save",docs/ROM_DATA.md:87 (The PET menu),"Verify: in a run, the PET shows Save lit and Comm grey; A on Comm buzzes, A on Save closes the PET and ""Run saved"" shows.",src/emu/bn6.h:187
BN6 Cybeast Gregar (USA),89fe0bac4fd3d2ab1d2ca35e87ef8b1294a84cd6,BN6_PET_MENU_OPEN,field,0x0200DF25,BN6_PET_MENU,0x05,,,,bit 0 open,docs/ROM_DATA.md:87 (The PET menu),"Verify: in a run, the PET shows Save lit and Comm grey; A on Comm buzzes, A on Save closes the PET and ""Run saved"" shows.",src/emu/bn6.h:188
BN6 Cybeast Gregar (USA),89fe0bac4fd3d2ab1d2ca35e87ef8b1294a84cd6,BN6_PET_HOLD,field,0x0200DF29,BN6_PET_MENU,0x09,,,,a count that holds its input off,docs/ROM_DATA.md:87 (The PET menu),"Verify: in a run, the PET shows Save lit and Comm grey; A on Comm buzzes, A on Save closes the PET and ""Run saved"" shows.",src/emu/bn6.h:189
BN6 Cybeast Gregar (USA),89fe0bac4fd3d2ab1d2ca35e87ef8b1294a84cd6,BN6_PET_MENU_TAKEN,field,0x0200DF2F,BN6_PET_MENU,0x0F,,,,the entry the engine's hook on its input took (7 Save),docs/ROM_DATA.md:87 (The PET menu),"Verify: in a run, the PET shows Save lit and Comm grey; A on Comm buzzes, A on Save closes the PET and ""Run saved"" shows.",src/emu/bn6.h:190
BN6 Cybeast Gregar (USA),89fe0bac4fd3d2ab1d2ca35e87ef8b1294a84cd6,BN6_MUSIC_PLAYER,ram,0x02010890,,,,,,MP2K MusicPlayerInfo of the music (player 31),docs/ROM_DATA.md:45 (Map music),,src/emu/bn6.h:78
BN6 Cybeast Gregar (USA),89fe0bac4fd3d2ab1d2ca35e87ef8b1294a84cd6,BN6_MUSIC_STATUS,field,0x02010894,BN6_MUSIC_PLAYER,0x04,,,,its status: bit 31 stopped,docs/ROM_DATA.md:45 (Map music),,src/emu/bn6.h:79
BN6 Cybeast Gregar (USA),89fe0bac4fd3d2ab1d2ca35e87ef8b1294a84cd6,BN6_WARP,ram,0x02011BB0,,,,,,Warp2011bb0: the next map's warp data,docs/ROM_DATA.md:21 (Boot and warps); docs/ROM_DATA.md:51 (Warp pads),Found in the bn6f disassembly and tested in `tools/romlab`.,src/emu/bn6.h:163
BN6 Cybeast Gregar (USA),89fe0bac4fd3d2ab1d2ca35e87ef8b1294a84cd6,BN6_WARP_PENDING,field,0x02011BC0,BN6_WARP,0x10,,,,Unk_10: 1 while a trigger's warp is under way,docs/ROM_DATA.md:21 (Boot and warps); docs/ROM_DATA.md:51 (Warp pads),Found in the bn6f disassembly and tested in `tools/romlab`.,src/emu/bn6.h:164
BN6 Cybeast Gregar (USA),89fe0bac4fd3d2ab1d2ca35e87ef8b1294a84cd6,BN6_WARP_INDEX,field,0x02011BC1,BN6_WARP,0x11,,,,WarpIndex,docs/ROM_DATA.md:21 (Boot and warps); docs/ROM_DATA.md:51 (Warp pads),Found in the bn6f disassembly and tested in `tools/romlab`.,src/emu/bn6.h:165
BN6 Cybeast Gregar (USA),89fe0bac4fd3d2ab1d2ca35e87ef8b1294a84cd6,BN6_WARP_GROUP_KIND,field,0x02011BC2,BN6_WARP,0x12,,,,"MapGroupTransitionType: 1 internet to real world, to BN6_SAVED_X's place",docs/ROM_DATA.md:120 (Home after an act),"Verify: `CYBERWORLD_AUTOPILOT=weak python3 build.py shot --scene emu --seed 1 --setup short,0,0,0 --frames 70000`: three trips home and a won run in the run log.",src/emu/bn6.h:166
BN6 Cybeast Gregar (USA),89fe0bac4fd3d2ab1d2ca35e87ef8b1294a84cd6,BN6_SHOP_STATE,ram,0x02011C10,,,,,,"a shop's screen (bn6f ShopControl's state): ... the cursor's row on the screen, u16 ... the list's scroll, u16: the entry under the cursor is their sum ... its shop's entry in BN6_SHOP_DESCS, u32: +0 the currency, +8 its stock's offset in the shop data, +12 its entries",docs/ROM_DATA.md:122 (The second screen's shops and traders),"Verify: `python3 tools/play.py start NAME --fresh --seed 6 -- --scene emu --run-depth 2 --dev quiet,pack=12 --talk trader:1700`, the arrival's chats paged, and `second` at the trader's words and on its screen: ""The Pack holds 12"" both times.",src/emu/bn6.h:352
BN6 Cybeast Gregar (USA),89fe0bac4fd3d2ab1d2ca35e87ef8b1294a84cd6,BN6_SHOP_ROW,field,0x02011C24,BN6_SHOP_STATE,0x14,,,,"a shop's screen (bn6f ShopControl's state): ... the cursor's row on the screen, u16 ... the list's scroll, u16: the entry under the cursor is their sum ... its shop's entry in BN6_SHOP_DESCS, u32: +0 the currency, +8 its stock's offset in the shop data, +12 its entries",docs/ROM_DATA.md:122 (The second screen's shops and traders),"Verify: `python3 tools/play.py start NAME --fresh --seed 6 -- --scene emu --run-depth 2 --dev quiet,pack=12 --talk trader:1700`, the arrival's chats paged, and `second` at the trader's words and on its screen: ""The Pack holds 12"" both times.",src/emu/bn6.h:353
BN6 Cybeast Gregar (USA),89fe0bac4fd3d2ab1d2ca35e87ef8b1294a84cd6,BN6_SHOP_SCROLL,field,0x02011C28,BN6_SHOP_STATE,0x18,,,,"a shop's screen (bn6f ShopControl's state): ... the cursor's row on the screen, u16 ... the list's scroll, u16: the entry under the cursor is their sum ... its shop's entry in BN6_SHOP_DESCS, u32: +0 the currency, +8 its stock's offset in the shop data, +12 its entries",docs/ROM_DATA.md:122 (The second screen's shops and traders),"Verify: `python3 tools/play.py start NAME --fresh --seed 6 -- --scene emu --run-depth 2 --dev quiet,pack=12 --talk trader:1700`, the arrival's chats paged, and `second` at the trader's words and on its screen: ""The Pack holds 12"" both times.",src/emu/bn6.h:354
BN6 Cybeast Gregar (USA),89fe0bac4fd3d2ab1d2ca35e87ef8b1294a84cd6,BN6_SHOP_DESC,field,0x02011C2C,BN6_SHOP_STATE,0x1C,,,,"a shop's screen (bn6f ShopControl's state): ... the cursor's row on the screen, u16 ... the list's scroll, u16: the entry under the cursor is their sum ... its shop's entry in BN6_SHOP_DESCS, u32: +0 the currency, +8 its stock's offset in the shop data, +12 its entries",docs/ROM_DATA.md:122 (The second screen's shops and traders),"Verify: `python3 tools/play.py start NAME --fresh --seed 6 -- --scene emu --run-depth 2 --dev quiet,pack=12 --talk trader:1700`, the arrival's chats paged, and `second` at the trader's words and on its screen: ""The Pack holds 12"" both times.",src/emu/bn6.h:355
BN6 Cybeast Gregar (USA),89fe0bac4fd3d2ab1d2ca35e87ef8b1294a84cd6,BN6_CUTSCENE,ram,0x02011C50,,,,,,CutsceneState,docs/ROM_DATA.md:21 (Boot and warps),Found in the bn6f disassembly and tested in `tools/romlab`.,src/emu/bn6.h:167
BN6 Cybeast Gregar (USA),89fe0bac4fd3d2ab1d2ca35e87ef8b1294a84cd6,BN6_CUTSCENE_POS,field,0x02011C6C,BN6_CUTSCENE,0x1C,,,,CutsceneScriptPos,docs/ROM_DATA.md:21 (Boot and warps),Found in the bn6f disassembly and tested in `tools/romlab`.,src/emu/bn6.h:168
BN6 Cybeast Gregar (USA),89fe0bac4fd3d2ab1d2ca35e87ef8b1294a84cd6,BN6_CUTSCENE_POS0,field,0x02011C90,BN6_CUTSCENE,0x40,,,,originalCutsceneScriptPos_40,docs/ROM_DATA.md:21 (Boot and warps),Found in the bn6f disassembly and tested in `tools/romlab`.,src/emu/bn6.h:169
BN6 Cybeast Gregar (USA),89fe0bac4fd3d2ab1d2ca35e87ef8b1294a84cd6,tile_map,ram,0x02013A00,,,,,,Map buffers: tile map,docs/ROM_DATA.md:72 (Map buffers),,docs/ROM_DATA.md:72
BN6 Cybeast Gregar (USA),89fe0bac4fd3d2ab1d2ca35e87ef8b1294a84cd6,BN6_SHOP_LIST,ram,0x02019A00,,,,,,"the screen's list of entries as shown (bn6f sub_8047B88): sorted, the hidden left out",docs/ROM_DATA.md:33 (Home's shops),"Verify: `--scene town --dev zenny=8000`, at AsterLand's register the clerk's list with Cannon A at 1000 zenny; ordered, ""I bought ""Cannon A""!"", 7000 zenny, and his ""That's your order for today!"" after; the seller beside him: MiniEnrg, FullEnrg, SneakRun, Untrap; the second screen names the chip under the order's cursor.",src/emu/bn6.h:357
BN6 Cybeast Gregar (USA),89fe0bac4fd3d2ab1d2ca35e87ef8b1294a84cd6,BN6_MAIL_BODY_BUF,ram,0x0201C700,,,,,,their unpacked buffer,,,src/emu/bn6.h:213
BN6 Cybeast Gregar (USA),89fe0bac4fd3d2ab1d2ca35e87ef8b1294a84cd6,BN6_NCMENU_ENTRIES,ram,0x0201DA80,,,,,,"the NaviCustomizer's list, 4 bytes an entry (bn6f word_201DA80): +0 its key item, BN6_PROGRAM_ITEMS + variant, or BN6_NCMENU_RUN; +2 the copies left to place",docs/ROM_DATA.md:123 (The second screen's NaviCustomizer),"Verified on 5 October 2026 in a run through `tools/play.py` with `--dev programs=8` and the memory watched: DOWN moved +0x20, and +0x24 past the fourth row; A took Custom1 up (+0x02 `0x10`, then `0x14`) and A placed it (`0x04`; the placed list's first entry `0x08` at column 3, row 2; the list lost its entry); LEFT went to the board (`0x08`), A on a placed program offered move and remove (`0x1C`), and move held it (`0x20`, `0x24`), its entry back in the list.",src/emu/bn6.h:392
BN6 Cybeast Gregar (USA),89fe0bac4fd3d2ab1d2ca35e87ef8b1294a84cd6,BN6_MAIL_TEXT_BUF,ram,0x02025700,,,,,,their unpacked buffer,,,src/emu/bn6.h:210
BN6 Cybeast Gregar (USA),89fe0bac4fd3d2ab1d2ca35e87ef8b1294a84cd6,map_buffers.coordinate_data,ram,0x02027A00,,,,,,Map buffers: coordinate data,docs/ROM_DATA.md:72 (Map buffers),,docs/ROM_DATA.md:72
BN6 Cybeast Gregar (USA),89fe0bac4fd3d2ab1d2ca35e87ef8b1294a84cd6,BN6_BATTLE_STATE,ram,0x02034880,,,,,,the battle's state (docs/ROM_DATA.md):,docs/ROM_DATA.md:101 (The autopilot's fight),"Verify: `CYBERWORLD_AUTOPILOT=1 python3 build.py shot --scene emu --seed 3 --frames 15000` wins seed 3's depth-2 Piranhas at 100 HP (`runlog.txt`), where the button rhythm the autopilot had used, still `weak`'s, picked an Atk+10 alone and was deleted.",src/emu/bn6.h:82
BN6 Cybeast Gregar (USA),89fe0bac4fd3d2ab1d2ca35e87ef8b1294a84cd6,BN6_BATTLE_PHASE,field,0x02034881,BN6_BATTLE_STATE,0x01,,,,"8 while the Custom screen is open (and slides out), 0x0C from BATTLE START! on (the pause too)",docs/ROM_DATA.md:101 (The autopilot's fight),"Verify: `CYBERWORLD_AUTOPILOT=1 python3 build.py shot --scene emu --seed 3 --frames 15000` wins seed 3's depth-2 Piranhas at 100 HP (`runlog.txt`), where the button rhythm the autopilot had used, still `weak`'s, picked an Atk+10 alone and was deleted.",src/emu/bn6.h:83
BN6 Cybeast Gregar (USA),89fe0bac4fd3d2ab1d2ca35e87ef8b1294a84cd6,BN6_BATTLE_TIMER,ram,0x020348C0,,,,,,"u32, the frames a battle has run (held on the Custom screen and in the pause): the results screen's DeleteTime (docs/ROM_DATA.md)",docs/ROM_DATA.md:97 (The battle's DeleteTime),Verify: win a battle and compare its frames / 60 with the DeleteTime the results screen shows.,src/emu/bn6.h:110
BN6 Cybeast Gregar (USA),89fe0bac4fd3d2ab1d2ca35e87ef8b1294a84cd6,BN6_BATTLE_HAND,ram,0x020349C0,,,,,,"MegaMan's hand after OK (bn6f getBattleHandAddr_8010018; the enemies' 0x50 on): ... the chip up next, an index ... the chips' ids, u16, six at most, 0xFFFF after them ... their powers, u16 ... the power Atk+ chips add to each, u16 (the HUD's ""Sword 80+10"") ... six chips at most",docs/ROM_DATA.md:124 (The second screen's battle),"Verified on 5 October 2026 in battles played through `tools/play.py` with `CYBERWORLD_WATCH` on each: Sword and Atk+10 taken, the hand read `0x47`, power `0x50` and bonus `0x0A` as the HUD showed ""Sword 80+10""; UP opened CROSSSELECT (`0x4C`, then `0x54`) and B shut it (`0x50`, then `0x04`); with HeatCross, ElecCross and SlashCross the row ran 0-2 over HEAT, ELEC and SLASH; with ElecCross's flag off HEAT and SLASH stood at rows 0 and 1; with MegaMan in HeatCross, SLASH alone at row 0.",src/emu/bn6.h:127
BN6 Cybeast Gregar (USA),89fe0bac4fd3d2ab1d2ca35e87ef8b1294a84cd6,BN6_CUSTOM_WINDOW,ram,0x02035292,,,,,,"eStruct2035280 + 0x12: the Custom screen's window as it slides in, 0 (closed, or hidden by SELECT to see the field) to 0x78 open",docs/ROM_DATA.md:110 (The Custom screen's window),"Verify: the same, in any battle.",src/emu/bn6.h:399
BN6 Cybeast Gregar (USA),89fe0bac4fd3d2ab1d2ca35e87ef8b1294a84cd6,BN6_CUSTOM_GAUGE,ram,0x020352A0,,,,,,"u16, the Custom gauge: full at 0x4000 (bn6f SetCustGauge, eStruct2035280 + 0x20)",docs/ROM_DATA.md:100 (Custom gauge),Verify: in battle it climbs from 0 to 0x4000 in about 512 frames and drops to 0 as the Custom screen opens.,src/emu/bn6.h:398
BN6 Cybeast Gregar (USA),89fe0bac4fd3d2ab1d2ca35e87ef8b1294a84cd6,dark_invis_state,ram,0x02036120,,,,,,"BN6's own DarkChips: DrkSword, DarkThnd, DrkRecov, DarkInvs, DarkPlus","docs/ROM_DATA.md:61 (BN6's own DarkChips: DrkSword, DarkThnd, DrkRecov, DarkInvs, DarkPlus)","Verify, as seen headless with a throwaway hook (not committed) that wrote the folder in code * and marked it owned as own_folder_chips does, set the BugFrags through GiveBugfrags or TakeBugfrags and raised the battle's enemies to 2000 HP (`--seed 13`, its first battle a Mettaur): with 5 BugFrags DrkSword dealt 400 in a magenta crescent (a Mettaur two columns ahead and a row down deleted, a Starfish three columns ahead untouched), the BugFrags 5 to 4 at the use, save and battle's copy alike, the HP bug 2; DarkThnd 200, a purple Thunder ball, the Mettaur paralysed, the HP bug 1; DrkRecov 50 to 1050 of 2000 HP, the HP bug 7, then 1 HP each 10 frames; DarkInvs a time freeze named DarkInvs, then 480 frames of MegaMan as a green phantom slashing and firing his held Cannon on his own, LEFT held for 200 frames not keeping him in the back column, untouched by the Mettaur's shockwaves; DarkPlus after a Cannon left the HUD at ""Cannon 40"" with two chip icons and dealt 40 (Atk+10 in its place: ""Cannon 40+10""), and alone made a puff, took a BugFrag and gave the HP bug 4.",docs/ROM_DATA.md:61
BN6 Cybeast Gregar (USA),89fe0bac4fd3d2ab1d2ca35e87ef8b1294a84cd6,BN6_CUSTOM_SCREEN,ram,0x020364C0,,,,,,the Custom screen's state:,docs/ROM_DATA.md:101 (The autopilot's fight); docs/ROM_DATA.md:124 (The second screen's battle),"Verify: `CYBERWORLD_AUTOPILOT=1 python3 build.py shot --scene emu --seed 3 --frames 15000` wins seed 3's depth-2 Piranhas at 100 HP (`runlog.txt`), where the button rhythm the autopilot had used, still `weak`'s, picked an Atk+10 alone and was deleted.",src/emu/bn6.h:85
BN6 Cybeast Gregar (USA),89fe0bac4fd3d2ab1d2ca35e87ef8b1294a84cd6,BN6_CUSTOM_MODE,field,0x020364C1,BN6_CUSTOM_SCREEN,0x01,,,,"what it shows: BN6_MODE_CHIPS, CROSSSELECT (BN6_MODE_CROSS_*), 0x48 Beast Out chosen",docs/ROM_DATA.md:101 (The autopilot's fight); docs/ROM_DATA.md:124 (The second screen's battle),"Verify: `CYBERWORLD_AUTOPILOT=1 python3 build.py shot --scene emu --seed 3 --frames 15000` wins seed 3's depth-2 Piranhas at 100 HP (`runlog.txt`), where the button rhythm the autopilot had used, still `weak`'s, picked an Atk+10 alone and was deleted.",src/emu/bn6.h:91
BN6 Cybeast Gregar (USA),89fe0bac4fd3d2ab1d2ca35e87ef8b1294a84cd6,BN6_CUSTOM_HAND,field,0x020364C6,BN6_CUSTOM_SCREEN,0x06,,,,"the chips it offers, the first of BN6_BATTLE_DECK",docs/ROM_DATA.md:101 (The autopilot's fight); docs/ROM_DATA.md:124 (The second screen's battle),"Verify: `CYBERWORLD_AUTOPILOT=1 python3 build.py shot --scene emu --seed 3 --frames 15000` wins seed 3's depth-2 Piranhas at 100 HP (`runlog.txt`), where the button rhythm the autopilot had used, still `weak`'s, picked an Atk+10 alone and was deleted.",src/emu/bn6.h:86
BN6 Cybeast Gregar (USA),89fe0bac4fd3d2ab1d2ca35e87ef8b1294a84cd6,BN6_CUSTOM_CURSOR,field,0x020364C7,BN6_CUSTOM_SCREEN,0x07,,,,"the slot under the cursor, 0-4 the top row, BN6_CUSTOM_OK on OK",docs/ROM_DATA.md:101 (The autopilot's fight); docs/ROM_DATA.md:124 (The second screen's battle),"Verify: `CYBERWORLD_AUTOPILOT=1 python3 build.py shot --scene emu --seed 3 --frames 15000` wins seed 3's depth-2 Piranhas at 100 HP (`runlog.txt`), where the button rhythm the autopilot had used, still `weak`'s, picked an Atk+10 alone and was deleted.",src/emu/bn6.h:87
BN6 Cybeast Gregar (USA),89fe0bac4fd3d2ab1d2ca35e87ef8b1294a84cd6,BN6_CUSTOM_PICKED,field,0x020364C8,BN6_CUSTOM_SCREEN,0x08,,,,the chips picked,docs/ROM_DATA.md:101 (The autopilot's fight); docs/ROM_DATA.md:124 (The second screen's battle),"Verify: `CYBERWORLD_AUTOPILOT=1 python3 build.py shot --scene emu --seed 3 --frames 15000` wins seed 3's depth-2 Piranhas at 100 HP (`runlog.txt`), where the button rhythm the autopilot had used, still `weak`'s, picked an Atk+10 alone and was deleted.",src/emu/bn6.h:88
BN6 Cybeast Gregar (USA),89fe0bac4fd3d2ab1d2ca35e87ef8b1294a84cd6,BN6_CUSTOM_CROSS_ROW,field,0x020364DB,BN6_CUSTOM_SCREEN,0x1B,,,,"CROSSSELECT's cursor: its row, of the Crosses MegaMan has in Gregar's order (BN6_FLAG_HEAT_CROSS on), less the one he is in",docs/ROM_DATA.md:101 (The autopilot's fight); docs/ROM_DATA.md:124 (The second screen's battle),"Verify: `CYBERWORLD_AUTOPILOT=1 python3 build.py shot --scene emu --seed 3 --frames 15000` wins seed 3's depth-2 Piranhas at 100 HP (`runlog.txt`), where the button rhythm the autopilot had used, still `weak`'s, picked an Atk+10 alone and was deleted.",src/emu/bn6.h:97
BN6 Cybeast Gregar (USA),89fe0bac4fd3d2ab1d2ca35e87ef8b1294a84cd6,BN6_CUSTOM_PICKS,ram,0x02036508,,,,,,"the Custom screen's chips picked: their slots in its hand, in order (BN6_CUSTOM_PICKED of them)",docs/ROM_DATA.md:124 (The second screen's battle),"Verified on 5 October 2026 in battles played through `tools/play.py` with `CYBERWORLD_WATCH` on each: Sword and Atk+10 taken, the hand read `0x47`, power `0x50` and bonus `0x0A` as the HUD showed ""Sword 80+10""; UP opened CROSSSELECT (`0x4C`, then `0x54`) and B shut it (`0x50`, then `0x04`); with HeatCross, ElecCross and SlashCross the row ran 0-2 over HEAT, ELEC and SLASH; with ElecCross's flag off HEAT and SLASH stood at rows 0 and 1; with MegaMan in HeatCross, SLASH alone at row 0.",src/emu/bn6.h:133
BN6 Cybeast Gregar (USA),89fe0bac4fd3d2ab1d2ca35e87ef8b1294a84cd6,BN6_FIELD_PANELS,ram,0x02039AE0,,,32,,,"the field's panels (bn6f PanelData), 8 a row from column 0, rows 0-4, each:",docs/ROM_DATA.md:95 (CircusMan's tent); docs/ROM_DATA.md:101 (The autopilot's fight),"Verify: `CYBERWORLD_AUTOPILOT=1 python3 build.py shot --scene emu --seed 3 --frames 15000` wins seed 3's depth-2 Piranhas at 100 HP (`runlog.txt`), where the button rhythm the autopilot had used, still `weak`'s, picked an Atk+10 alone and was deleted.",src/emu/bn6.h:101
BN6 Cybeast Gregar (USA),89fe0bac4fd3d2ab1d2ca35e87ef8b1294a84cd6,BN6_PANEL_TYPE,field,0x02039AE2,BN6_FIELD_PANELS,0x02,,,,"Type: 1 a hole, 2 a plain panel, 4 poison, 0x0B and 0x0C a conveyor left and right",docs/ROM_DATA.md:95 (CircusMan's tent); docs/ROM_DATA.md:101 (The autopilot's fight),"Verify: `CYBERWORLD_AUTOPILOT=1 python3 build.py shot --scene emu --seed 3 --frames 15000` wins seed 3's depth-2 Piranhas at 100 HP (`runlog.txt`), where the button rhythm the autopilot had used, still `weak`'s, picked an Atk+10 alone and was deleted.",src/emu/bn6.h:103
BN6 Cybeast Gregar (USA),89fe0bac4fd3d2ab1d2ca35e87ef8b1294a84cd6,BN6_PANEL_ALLIANCE,field,0x02039AE3,BN6_FIELD_PANELS,0x03,,,,"Alliance: 0 MegaMan's side, 1 the enemies'",docs/ROM_DATA.md:95 (CircusMan's tent); docs/ROM_DATA.md:101 (The autopilot's fight),"Verify: `CYBERWORLD_AUTOPILOT=1 python3 build.py shot --scene emu --seed 3 --frames 15000` wins seed 3's depth-2 Piranhas at 100 HP (`runlog.txt`), where the button rhythm the autopilot had used, still `weak`'s, picked an Atk+10 alone and was deleted.",src/emu/bn6.h:104
BN6 Cybeast Gregar (USA),89fe0bac4fd3d2ab1d2ca35e87ef8b1294a84cd6,BN6_PANEL_FLAGS,field,0x02039AF4,BN6_FIELD_PANELS,0x14,4,,,"Flags, u32: BN6_PANEL_STRUCK while an enemy's attack is on it (BN6 lights it yellow)",docs/ROM_DATA.md:95 (CircusMan's tent); docs/ROM_DATA.md:101 (The autopilot's fight),"Verify: `CYBERWORLD_AUTOPILOT=1 python3 build.py shot --scene emu --seed 3 --frames 15000` wins seed 3's depth-2 Piranhas at 100 HP (`runlog.txt`), where the button rhythm the autopilot had used, still `weak`'s, picked an Atk+10 alone and was deleted.",src/emu/bn6.h:105
BN6 Cybeast Gregar (USA),89fe0bac4fd3d2ab1d2ca35e87ef8b1294a84cd6,BN6_T1_OBJECTS,ram,0x0203A9B0,,,6912,32,,"eT1BattleObject0: viruses and navis in a battle (BattleObject), ... each this long, its fields from its start:",docs/ROM_DATA.md:22 (The game's structures read field by field); docs/ROM_DATA.md:126 (Dev tools),"Verified by `CYBERWORLD_STATE_POS=1`, whose state prints MegaMan's position and every NPC's (`npc N ... at x y z`) where they stand on the map, and by an autopilot run whose log is the same, line for line, as before the names.",src/emu/bn6.h:111
BN6 Cybeast Gregar (USA),89fe0bac4fd3d2ab1d2ca35e87ef8b1294a84cd6,BN6_BATTLE_DECK,ram,0x0203CDB0,,,,,,"the battle's folder as it is drawn, u16 chip | code << 9 (26 *); used chips leave it, 0xFFFF after the rest",docs/ROM_DATA.md:101 (The autopilot's fight),"Verify: `CYBERWORLD_AUTOPILOT=1 python3 build.py shot --scene emu --seed 3 --frames 15000` wins seed 3's depth-2 Piranhas at 100 HP (`runlog.txt`), where the button rhythm the autopilot had used, still `weak`'s, picked an Atk+10 alone and was deleted.",src/emu/bn6.h:98
BN6 Cybeast Gregar (USA),89fe0bac4fd3d2ab1d2ca35e87ef8b1294a84cd6,BN6_BATTLE_NAVI,ram,0x0203CE00,,,,,,"eBattleNaviStats0: MegaMan's NaviStats as a battle copies them (bn6f GetBattleNaviStatsAddr),","docs/ROM_DATA.md:61 (BN6's own DarkChips: DrkSword, DarkThnd, DrkRecov, DarkInvs, DarkPlus); docs/ROM_DATA.md:124 (The second screen's battle)","Verify, as seen headless with a throwaway hook (not committed) that wrote the folder in code * and marked it owned as own_folder_chips does, set the BugFrags through GiveBugfrags or TakeBugfrags and raised the battle's enemies to 2000 HP (`--seed 13`, its first battle a Mettaur): with 5 BugFrags DrkSword dealt 400 in a magenta crescent (a Mettaur two columns ahead and a row down deleted, a Starfish three columns ahead untouched), the BugFrags 5 to 4 at the use, save and battle's copy alike, the HP bug 2; DarkThnd 200, a purple Thunder ball, the Mettaur paralysed, the HP bug 1; DrkRecov 50 to 1050 of 2000 HP, the HP bug 7, then 1 HP each 10 frames; DarkInvs a time freeze named DarkInvs, then 480 frames of MegaMan as a green phantom slashing and firing his held Cannon on his own, LEFT held for 200 frames not keeping him in the back column, untouched by the Mettaur's shockwaves; DarkPlus after a Cannon left the HUD at ""Cannon 40"" with two chip icons and dealt 40 (Atk+10 in its place: ""Cannon 40+10""), and alone made a puff, took a BugFrag and gave the HP bug 4.",src/emu/bn6.h:134
BN6 Cybeast Gregar (USA),89fe0bac4fd3d2ab1d2ca35e87ef8b1294a84cd6,BN6_BATTLE_MOOD,field,0x0203CE0E,BN6_BATTLE_NAVI,0x0E,,,,"Mood: BN6_MOOD_SYNCHRO Full Synchro, 0 dark (bn6f's emotion getter, Falzar 0x08015B64)","docs/ROM_DATA.md:61 (BN6's own DarkChips: DrkSword, DarkThnd, DrkRecov, DarkInvs, DarkPlus); docs/ROM_DATA.md:124 (The second screen's battle)","Verify, as seen headless with a throwaway hook (not committed) that wrote the folder in code * and marked it owned as own_folder_chips does, set the BugFrags through GiveBugfrags or TakeBugfrags and raised the battle's enemies to 2000 HP (`--seed 13`, its first battle a Mettaur): with 5 BugFrags DrkSword dealt 400 in a magenta crescent (a Mettaur two columns ahead and a row down deleted, a Starfish three columns ahead untouched), the BugFrags 5 to 4 at the use, save and battle's copy alike, the HP bug 2; DarkThnd 200, a purple Thunder ball, the Mettaur paralysed, the HP bug 1; DrkRecov 50 to 1050 of 2000 HP, the HP bug 7, then 1 HP each 10 frames; DarkInvs a time freeze named DarkInvs, then 480 frames of MegaMan as a green phantom slashing and firing his held Cannon on his own, LEFT held for 200 frames not keeping him in the back column, untouched by the Mettaur's shockwaves; DarkPlus after a Cannon left the HUD at ""Cannon 40"" with two chip icons and dealt 40 (Atk+10 in its place: ""Cannon 40+10""), and alone made a puff, took a BugFrag and gave the HP bug 4.",src/emu/bn6.h:135
BN6 Cybeast Gregar (USA),89fe0bac4fd3d2ab1d2ca35e87ef8b1294a84cd6,BN6_BATTLE_BEAST_TURNS,field,0x0203CE21,BN6_BATTLE_NAVI,0x21,,,,"BeastOutCounter: the EmotionCounter, 3 as a battle starts, one less each Beast Out turn; 0 tired","docs/ROM_DATA.md:61 (BN6's own DarkChips: DrkSword, DarkThnd, DrkRecov, DarkInvs, DarkPlus); docs/ROM_DATA.md:124 (The second screen's battle)","Verify, as seen headless with a throwaway hook (not committed) that wrote the folder in code * and marked it owned as own_folder_chips does, set the BugFrags through GiveBugfrags or TakeBugfrags and raised the battle's enemies to 2000 HP (`--seed 13`, its first battle a Mettaur): with 5 BugFrags DrkSword dealt 400 in a magenta crescent (a Mettaur two columns ahead and a row down deleted, a Starfish three columns ahead untouched), the BugFrags 5 to 4 at the use, save and battle's copy alike, the HP bug 2; DarkThnd 200, a purple Thunder ball, the Mettaur paralysed, the HP bug 1; DrkRecov 50 to 1050 of 2000 HP, the HP bug 7, then 1 HP each 10 frames; DarkInvs a time freeze named DarkInvs, then 480 frames of MegaMan as a green phantom slashing and firing his held Cannon on his own, LEFT held for 200 frames not keeping him in the back column, untouched by the Mettaur's shockwaves; DarkPlus after a Cannon left the HUD at ""Cannon 40"" with two chip icons and dealt 40 (Atk+10 in its place: ""Cannon 40+10""), and alone made a puff, took a BugFrag and gave the HP bug 4.",src/emu/bn6.h:137
BN6 Cybeast Gregar (USA),89fe0bac4fd3d2ab1d2ca35e87ef8b1294a84cd6,BN6_BATTLE_FORM,field,0x0203CE2C,BN6_BATTLE_NAVI,0x2C,,,,"Transformation: 0 none, 1-5 Gregar's Crosses (BN6_FLAG_HEAT_CROSS's order), BN6_FORM_BEAST, a Cross's Beast Out, BN6_FORM_BEAST_OVER","docs/ROM_DATA.md:61 (BN6's own DarkChips: DrkSword, DarkThnd, DrkRecov, DarkInvs, DarkPlus); docs/ROM_DATA.md:124 (The second screen's battle)","Verify, as seen headless with a throwaway hook (not committed) that wrote the folder in code * and marked it owned as own_folder_chips does, set the BugFrags through GiveBugfrags or TakeBugfrags and raised the battle's enemies to 2000 HP (`--seed 13`, its first battle a Mettaur): with 5 BugFrags DrkSword dealt 400 in a magenta crescent (a Mettaur two columns ahead and a row down deleted, a Starfish three columns ahead untouched), the BugFrags 5 to 4 at the use, save and battle's copy alike, the HP bug 2; DarkThnd 200, a purple Thunder ball, the Mettaur paralysed, the HP bug 1; DrkRecov 50 to 1050 of 2000 HP, the HP bug 7, then 1 HP each 10 frames; DarkInvs a time freeze named DarkInvs, then 480 frames of MegaMan as a green phantom slashing and firing his held Cannon on his own, LEFT held for 200 frames not keeping him in the back column, untouched by the Mettaur's shockwaves; DarkPlus after a Cannon left the HUD at ""Cannon 40"" with two chip icons and dealt 40 (Atk+10 in its place: ""Cannon 40+10""), and alone made a puff, took a BugFrag and gave the HP bug 4.",src/emu/bn6.h:138
BN6 Cybeast Gregar (USA),89fe0bac4fd3d2ab1d2ca35e87ef8b1294a84cd6,BN6_T3_OBJECTS,ram,0x0203CFE0,,,,,,"eT3BattleObject0: the battle's attacks and effects, BN6_T1_SIZE each, its fields as T1's",docs/ROM_DATA.md:101 (The autopilot's fight),"Verify: `CYBERWORLD_AUTOPILOT=1 python3 build.py shot --scene emu --seed 3 --frames 15000` wins seed 3's depth-2 Piranhas at 100 HP (`runlog.txt`), where the button rhythm the autopilot had used, still `weak`'s, picked an Atk+10 alone and was deleted.",src/emu/bn6.h:142
BN6 Cybeast Gregar (USA),89fe0bac4fd3d2ab1d2ca35e87ef8b1294a84cd6,BN6_BATTLE_BUGFRAGS,ram,0x0203F7E0,,,,,,"the battle's BugFrags, u32 a side (+ alliance x 4), the save's copied as it begins (bn6f dword_203F7E0)","docs/ROM_DATA.md:61 (BN6's own DarkChips: DrkSword, DarkThnd, DrkRecov, DarkInvs, DarkPlus); docs/ROM_DATA.md:62 (BN6's own DarkChips in a run)","Verify, as seen headless with a throwaway hook (not committed) that wrote the folder in code * and marked it owned as own_folder_chips does, set the BugFrags through GiveBugfrags or TakeBugfrags and raised the battle's enemies to 2000 HP (`--seed 13`, its first battle a Mettaur): with 5 BugFrags DrkSword dealt 400 in a magenta crescent (a Mettaur two columns ahead and a row down deleted, a Starfish three columns ahead untouched), the BugFrags 5 to 4 at the use, save and battle's copy alike, the HP bug 2; DarkThnd 200, a purple Thunder ball, the Mettaur paralysed, the HP bug 1; DrkRecov 50 to 1050 of 2000 HP, the HP bug 7, then 1 HP each 10 frames; DarkInvs a time freeze named DarkInvs, then 480 frames of MegaMan as a green phantom slashing and firing his held Cannon on his own, LEFT held for 200 frames not keeping him in the back column, untouched by the Mettaur's shockwaves; DarkPlus after a Cannon left the HUD at ""Cannon 40"" with two chip icons and dealt 40 (Atk+10 in its place: ""Cannon 40+10""), and alone made a puff, took a BugFrag and gave the HP bug 4.",src/emu/bn6.h:338
BN6 Cybeast Gregar (USA),89fe0bac4fd3d2ab1d2ca35e87ef8b1294a84cd6,BN6_BG_PALETTE,ram,0x03001960,,,,,,the game's BG palette buffer,,,src/emu/bn6.h:177
BN6 Cybeast Gregar (USA),89fe0bac4fd3d2ab1d2ca35e87ef8b1294a84cd6,DISPSTAT,io,0x04000004,,,,,,BN6's wait for a frame,docs/ROM_DATA.md:26 (BN6's wait for a frame),"Verify: the autopilot's debug log and run log are the same with and without it, and `CYBERWORLD_EMU_DEBUG`'s 30-frame line counts about four more hook hits a frame (each interrupt that wakes the CPU before VBlank brings it back to the loop).",docs/ROM_DATA.md:26
BN6 Cybeast Gregar (USA),89fe0bac4fd3d2ab1d2ca35e87ef8b1294a84cd6,IE,io,0x04000200,,,,,,BN6's wait for a frame,docs/ROM_DATA.md:26 (BN6's wait for a frame),"Verify: the autopilot's debug log and run log are the same with and without it, and `CYBERWORLD_EMU_DEBUG`'s 30-frame line counts about four more hook hits a frame (each interrupt that wakes the CPU before VBlank brings it back to the loop).",docs/ROM_DATA.md:26
BN6 Cybeast Gregar (USA),89fe0bac4fd3d2ab1d2ca35e87ef8b1294a84cd6,IME,io,0x04000208,,,,,,BN6's wait for a frame,docs/ROM_DATA.md:26 (BN6's wait for a frame),"Verify: the autopilot's debug log and run log are the same with and without it, and `CYBERWORLD_EMU_DEBUG`'s 30-frame line counts about four more hook hits a frame (each interrupt that wakes the CPU before VBlank brings it back to the loop).",docs/ROM_DATA.md:26
BN6 Cybeast Gregar (USA),89fe0bac4fd3d2ab1d2ca35e87ef8b1294a84cd6,frame_wait,rom,0x080003A0,,,,,,BN6's wait for a frame,docs/ROM_DATA.md:26 (BN6's wait for a frame),"Verify: the autopilot's debug log and run log are the same with and without it, and `CYBERWORLD_EMU_DEBUG`'s 30-frame line counts about four more hook hits a frame (each interrupt that wakes the CPU before VBlank brings it back to the loop).",docs/ROM_DATA.md:26
BN6 Cybeast Gregar (USA),89fe0bac4fd3d2ab1d2ca35e87ef8b1294a84cd6,BN6_AWAIT_FRAME_LOOP,code,0x080003A6,,,,,,"bn6f main_awaitFrame (0x080003A0): its loop polling DISPSTAT for VBlank, ldrh r1,[r0]",docs/ROM_DATA.md:26 (BN6's wait for a frame),"Verify: the autopilot's debug log and run log are the same with and without it, and `CYBERWORLD_EMU_DEBUG`'s 30-frame line counts about four more hook hits a frame (each interrupt that wakes the CPU before VBlank brings it back to the loop).",src/emu/bn6.h:283
BN6 Cybeast Gregar (USA),89fe0bac4fd3d2ab1d2ca35e87ef8b1294a84cd6,handler_table,data,0x08004724,,,,,,Link Navi obstacles and security cubes: the handler table,docs/ROM_DATA.md:37 (Link Navi obstacles and security cubes),"Verify: seed 6 at depth 2 in a comp (`--net-biome 8`): A at the cube names it and asks around, the teller eight panels on tells its code, then A at the cube enters it and it vanishes; seed 4 at depth 2 in Seaside (`--net-biome 1 --talk zenny:300`): the toll takes 200 of 10000 zenny, and with none MegaMan says so.",docs/ROM_DATA.md:37
BN6 Cybeast Gregar (USA),89fe0bac4fd3d2ab1d2ca35e87ef8b1294a84cd6,BN6_OW_HOOK,code,0x080050EC,,,,,,"cbGameState_80050EC, run every frame of the game mode: a hook runs the engine's calls in its place",docs/ROM_DATA.md:21 (Boot and warps),Found in the bn6f disassembly and tested in `tools/romlab`.,src/emu/bn6.h:294
BN6 Cybeast Gregar (USA),89fe0bac4fd3d2ab1d2ca35e87ef8b1294a84cd6,map_enter,code,0x08005148,,,,,,"Map, flag and key item events by hook","docs/ROM_DATA.md:25 (Map, flag and key item events by hook)","Verify: an autopilot run's log is the same as before; a layer's challenge and its Undernet warp start on a Yes (`tools/play.py start ch --fresh --seed 31 -- --scene emu --run-depth 4 --dev quiet --talk challenge:300`; `--seed 41`, `--run-depth 4 --net-biome 4 --talk undernet:300`); a ScrtData picked up is counted and MegaMan says what it is for (`--seed 53`, `--run-depth 5`: its Mystery Data at 348, -44, MegaMan put beside it with the dev step `place 328 -44 0`); a guardian's exit pad stays shut after each battle on its layer and after a CONTINUE there.",docs/ROM_DATA.md:25
BN6 Cybeast Gregar (USA),89fe0bac4fd3d2ab1d2ca35e87ef8b1294a84cd6,BN6_ENTER_MAP,rom,0x08005152,,,,,,"bn6f EnterMap (game state 0x00, 0x08005148) past its wait for the fade: once a map is entered, the map flags 0x1640-0x16FF cleared just after","docs/ROM_DATA.md:25 (Map, flag and key item events by hook)","Verify: an autopilot run's log is the same as before; a layer's challenge and its Undernet warp start on a Yes (`tools/play.py start ch --fresh --seed 31 -- --scene emu --run-depth 4 --dev quiet --talk challenge:300`; `--seed 41`, `--run-depth 4 --net-biome 4 --talk undernet:300`); a ScrtData picked up is counted and MegaMan says what it is for (`--seed 53`, `--run-depth 5`: its Mystery Data at 348, -44, MegaMan put beside it with the dev step `place 328 -44 0`); a guardian's exit pad stays shut after each battle on its layer and after a CONTINUE there.",src/emu/bn6.h:287
BN6 Cybeast Gregar (USA),89fe0bac4fd3d2ab1d2ca35e87ef8b1294a84cd6,BN6_WARP_DEPART_JACK_OUT,code,0x080059B5,,,,,,"warp departure 8: the jack-out cutscene, then warp",,,src/emu/bn6.h:293
BN6 Cybeast Gregar (USA),89fe0bac4fd3d2ab1d2ca35e87ef8b1294a84cd6,battle_check_start,rom,0x08005A8C,,,,,,Dev tools,docs/ROM_DATA.md:126 (Dev tools),"Flag `0x173E`, tested next, is the SlipRun state: the player's update clears it every frame (bn6f `ow_player.s`), so setting it does nothing.",docs/ROM_DATA.md:126
BN6 Cybeast Gregar (USA),89fe0bac4fd3d2ab1d2ca35e87ef8b1294a84cd6,BN6_ENCOUNTER_CHECK,rom,0x08005A98,,,,,,its first test after the map's,docs/ROM_DATA.md:23 (Encounter roll),"Verify with an autopilot run: its random and guardian battles, and its log, as before.",src/emu/bn6.h:299
BN6 Cybeast Gregar (USA),89fe0bac4fd3d2ab1d2ca35e87ef8b1294a84cd6,BN6_ENCOUNTER_ROLLED,code,0x08005AE2,,,,,,the beq after the roll's bl: r0 the roll's BattleSettings*,docs/ROM_DATA.md:23 (Encounter roll),"Verify with an autopilot run: its random and guardian battles, and its log, as before.",src/emu/bn6.h:300
BN6 Cybeast Gregar (USA),89fe0bac4fd3d2ab1d2ca35e87ef8b1294a84cd6,BN6_ENCOUNTER_START,code,0x08005AE5,,,,,,"movs r1,#1; bl StartBattle, r0 the record (Thumb)",docs/ROM_DATA.md:23 (Encounter roll),"Verify with an autopilot run: its random and guardian battles, and its log, as before.",src/emu/bn6.h:301
BN6 Cybeast Gregar (USA),89fe0bac4fd3d2ab1d2ca35e87ef8b1294a84cd6,BN6_ENCOUNTER_SKIP,code,0x08005AF3,,,,,,"the check's pop {r5,pc}: its battle not begun (Thumb)",docs/ROM_DATA.md:23 (Encounter roll),"Verify with an autopilot run: its random and guardian battles, and its log, as before.",src/emu/bn6.h:302
BN6 Cybeast Gregar (USA),89fe0bac4fd3d2ab1d2ca35e87ef8b1294a84cd6,BN6_START_BATTLE,code,0x08005BC8,,,,,,"StartBattle: r0 the BattleSettings*, every battle's",docs/ROM_DATA.md:24 (Battle events by hook),Verify: an autopilot run's log is the same as before.,src/emu/bn6.h:305
BN6 Cybeast Gregar (USA),89fe0bac4fd3d2ab1d2ca35e87ef8b1294a84cd6,BN6_ENTER_MAP_ON_WARP,code,0x08005C05,,,,,,map_triggerEnterMapOnWarp (Thumb),docs/ROM_DATA.md:21 (Boot and warps),Found in the bn6f disassembly and tested in `tools/romlab`.,src/emu/bn6.h:284
BN6 Cybeast Gregar (USA),89fe0bac4fd3d2ab1d2ca35e87ef8b1294a84cd6,BN6_SPAWN_HP,code,0x08007740,,,,,,"in an enemy's spawn (its entry sub_800768C branches to the body bn6f sub_80076A0 holds): strh r2,[r5,#0x24], r2 its HP and MaxHP, r5 its BattleObject",docs/ROM_DATA.md:24 (Battle events by hook),Verify: an autopilot run's log is the same as before.,src/emu/bn6.h:306
BN6 Cybeast Gregar (USA),89fe0bac4fd3d2ab1d2ca35e87ef8b1294a84cd6,BN6_DARK_AFTER,code,0x0800B79A,,,,,,"bn6f sub_800B79A, a chip's after-effects as it runs: r0 the chip that ran (a DarkChip's id only where its dark power ran, a BugFrag paid), r5 its user; the NaviCust's HP bug its table at 0x0800B7BC adds","docs/ROM_DATA.md:61 (BN6's own DarkChips: DrkSword, DarkThnd, DrkRecov, DarkInvs, DarkPlus); docs/ROM_DATA.md:62 (BN6's own DarkChips in a run)","Verify, as seen headless with a throwaway hook (not committed) that wrote the folder in code * and marked it owned as own_folder_chips does, set the BugFrags through GiveBugfrags or TakeBugfrags and raised the battle's enemies to 2000 HP (`--seed 13`, its first battle a Mettaur): with 5 BugFrags DrkSword dealt 400 in a magenta crescent (a Mettaur two columns ahead and a row down deleted, a Starfish three columns ahead untouched), the BugFrags 5 to 4 at the use, save and battle's copy alike, the HP bug 2; DarkThnd 200, a purple Thunder ball, the Mettaur paralysed, the HP bug 1; DrkRecov 50 to 1050 of 2000 HP, the HP bug 7, then 1 HP each 10 frames; DarkInvs a time freeze named DarkInvs, then 480 frames of MegaMan as a green phantom slashing and firing his held Cannon on his own, LEFT held for 200 frames not keeping him in the back column, untouched by the Mettaur's shockwaves; DarkPlus after a Cannon left the HUD at ""Cannon 40"" with two chip icons and dealt 40 (Atk+10 in its place: ""Cannon 40+10""), and alone made a puff, took a BugFrag and gave the HP bug 4.",src/emu/bn6.h:331
BN6 Cybeast Gregar (USA),89fe0bac4fd3d2ab1d2ca35e87ef8b1294a84cd6,hp_bug_use_adds_table,data,0x0800B7BC,,,,,,"BN6's own DarkChips: DrkSword, DarkThnd, DrkRecov, DarkInvs, DarkPlus: the HP bug a use adds, its table","docs/ROM_DATA.md:61 (BN6's own DarkChips: DrkSword, DarkThnd, DrkRecov, DarkInvs, DarkPlus)","Verify, as seen headless with a throwaway hook (not committed) that wrote the folder in code * and marked it owned as own_folder_chips does, set the BugFrags through GiveBugfrags or TakeBugfrags and raised the battle's enemies to 2000 HP (`--seed 13`, its first battle a Mettaur): with 5 BugFrags DrkSword dealt 400 in a magenta crescent (a Mettaur two columns ahead and a row down deleted, a Starfish three columns ahead untouched), the BugFrags 5 to 4 at the use, save and battle's copy alike, the HP bug 2; DarkThnd 200, a purple Thunder ball, the Mettaur paralysed, the HP bug 1; DrkRecov 50 to 1050 of 2000 HP, the HP bug 7, then 1 HP each 10 frames; DarkInvs a time freeze named DarkInvs, then 480 frames of MegaMan as a green phantom slashing and firing his held Cannon on his own, LEFT held for 200 frames not keeping him in the back column, untouched by the Mettaur's shockwaves; DarkPlus after a Cannon left the HUD at ""Cannon 40"" with two chip icons and dealt 40 (Atk+10 in its place: ""Cannon 40+10""), and alone made a puff, took a BugFrag and gave the HP bug 4.",docs/ROM_DATA.md:61
BN6 Cybeast Gregar (USA),89fe0bac4fd3d2ab1d2ca35e87ef8b1294a84cd6,BN6_SUBTRACT_HP,code,0x0800E2D8,,,,,,"object_subtractHP: r5 the BattleObject, r0 the damage (every object's, every frame, mostly 0)",docs/ROM_DATA.md:24 (Battle events by hook),Verify: an autopilot run's log is the same as before.,src/emu/bn6.h:307
BN6 Cybeast Gregar (USA),89fe0bac4fd3d2ab1d2ca35e87ef8b1294a84cd6,RomLayout.enemy_traits,data,0x0800F230,,,,,,"per actor type, per ai: an 8-byte record (sprites, second-wheel element and weakness)",docs/ROM_DATA.md:91 (Enemy traits),"Checked: navi ais 3 SlashMan 0x80/0x10 (Sword, weak to Breaker), 4 EraseMan 0x40/0x20 (Cursor, Wind), 8 TenguMan 0x20/0x80 (Wind, Sword), 9 GroundMan and 10 DustMan 0x10/0x40 (Breaker, Cursor), every other guardian 0/0, as the Rockman EXE Zone wiki's BN6 boss list has them; virus families 25 DarkMech 0/0x40 and 26 SnakeArm 0/0x20, the rest of the run's 0/0.",src/core/rom.c:27
BN6 Cybeast Gregar (USA),89fe0bac4fd3d2ab1d2ca35e87ef8b1294a84cd6,RomLayout.enemy_stats,data,0x0800F260,,,,,,"per actor type, per ai: 6-byte records per version (HP, damage)",docs/ROM_DATA.md:90 (Enemy stats),"Checked: Mettaur 40/80/120/160 HP, 10/20/40/60 damage; BlastMan 400/800/1400; Colonel (navi ai 18) 1200/1600/2000.",src/core/rom.c:26
BN6 Cybeast Gregar (USA),89fe0bac4fd3d2ab1d2ca35e87ef8b1294a84cd6,bugfrag_spent,rom,0x0800F4B2,,,,,,"BN6's own DarkChips: DrkSword, DarkThnd, DrkRecov, DarkInvs, DarkPlus: the BugFrag spent","docs/ROM_DATA.md:61 (BN6's own DarkChips: DrkSword, DarkThnd, DrkRecov, DarkInvs, DarkPlus)","Verify, as seen headless with a throwaway hook (not committed) that wrote the folder in code * and marked it owned as own_folder_chips does, set the BugFrags through GiveBugfrags or TakeBugfrags and raised the battle's enemies to 2000 HP (`--seed 13`, its first battle a Mettaur): with 5 BugFrags DrkSword dealt 400 in a magenta crescent (a Mettaur two columns ahead and a row down deleted, a Starfish three columns ahead untouched), the BugFrags 5 to 4 at the use, save and battle's copy alike, the HP bug 2; DarkThnd 200, a purple Thunder ball, the Mettaur paralysed, the HP bug 1; DrkRecov 50 to 1050 of 2000 HP, the HP bug 7, then 1 HP each 10 frames; DarkInvs a time freeze named DarkInvs, then 480 frames of MegaMan as a green phantom slashing and firing his held Cannon on his own, LEFT held for 200 frames not keeping him in the back column, untouched by the Mettaur's shockwaves; DarkPlus after a Cannon left the HUD at ""Cannon 40"" with two chip icons and dealt 40 (Atk+10 in its place: ""Cannon 40+10""), and alone made a puff, took a BugFrag and gave the HP bug 4.",docs/ROM_DATA.md:61
BN6 Cybeast Gregar (USA),89fe0bac4fd3d2ab1d2ca35e87ef8b1294a84cd6,hp_bug_drain,rom,0x08010230,,,,,,"BN6's own DarkChips: DrkSword, DarkThnd, DrkRecov, DarkInvs, DarkPlus: the HP bug's drain","docs/ROM_DATA.md:61 (BN6's own DarkChips: DrkSword, DarkThnd, DrkRecov, DarkInvs, DarkPlus)","Verify, as seen headless with a throwaway hook (not committed) that wrote the folder in code * and marked it owned as own_folder_chips does, set the BugFrags through GiveBugfrags or TakeBugfrags and raised the battle's enemies to 2000 HP (`--seed 13`, its first battle a Mettaur): with 5 BugFrags DrkSword dealt 400 in a magenta crescent (a Mettaur two columns ahead and a row down deleted, a Starfish three columns ahead untouched), the BugFrags 5 to 4 at the use, save and battle's copy alike, the HP bug 2; DarkThnd 200, a purple Thunder ball, the Mettaur paralysed, the HP bug 1; DrkRecov 50 to 1050 of 2000 HP, the HP bug 7, then 1 HP each 10 frames; DarkInvs a time freeze named DarkInvs, then 480 frames of MegaMan as a green phantom slashing and firing his held Cannon on his own, LEFT held for 200 frames not keeping him in the back column, untouched by the Mettaur's shockwaves; DarkPlus after a Cannon left the HUD at ""Cannon 40"" with two chip icons and dealt 40 (Atk+10 in its place: ""Cannon 40+10""), and alone made a puff, took a BugFrag and gave the HP bug 4.",docs/ROM_DATA.md:61
BN6 Cybeast Gregar (USA),89fe0bac4fd3d2ab1d2ca35e87ef8b1294a84cd6,hp_bug_drain_table,data,0x080102A4,,,,,,"BN6's own DarkChips: DrkSword, DarkThnd, DrkRecov, DarkInvs, DarkPlus: the HP bug's drain, its table","docs/ROM_DATA.md:61 (BN6's own DarkChips: DrkSword, DarkThnd, DrkRecov, DarkInvs, DarkPlus)","Verify, as seen headless with a throwaway hook (not committed) that wrote the folder in code * and marked it owned as own_folder_chips does, set the BugFrags through GiveBugfrags or TakeBugfrags and raised the battle's enemies to 2000 HP (`--seed 13`, its first battle a Mettaur): with 5 BugFrags DrkSword dealt 400 in a magenta crescent (a Mettaur two columns ahead and a row down deleted, a Starfish three columns ahead untouched), the BugFrags 5 to 4 at the use, save and battle's copy alike, the HP bug 2; DarkThnd 200, a purple Thunder ball, the Mettaur paralysed, the HP bug 1; DrkRecov 50 to 1050 of 2000 HP, the HP bug 7, then 1 HP each 10 frames; DarkInvs a time freeze named DarkInvs, then 480 frames of MegaMan as a green phantom slashing and firing his held Cannon on his own, LEFT held for 200 frames not keeping him in the back column, untouched by the Mettaur's shockwaves; DarkPlus after a Cannon left the HUD at ""Cannon 40"" with two chip icons and dealt 40 (Atk+10 in its place: ""Cannon 40+10""), and alone made a puff, took a BugFrag and gave the HP bug 4.",docs/ROM_DATA.md:61
BN6 Cybeast Gregar (USA),89fe0bac4fd3d2ab1d2ca35e87ef8b1294a84cd6,BN6_DARK_CHECK,code,0x08010D58,,,,,,"bn6f sub_8010D58, every chip use: r0 its record's DarkChipID (0xFF for most), r5 its user; with a BugFrag in the battle's count it spends one (0x0800F4B2), with none the base chip runs ... the base chips' routines, 10 bytes each, by DarkChipID: push {lr}; movs r0,#chip (Sword 0x47, Thunder 0x1E, Recov10 0x9A, Invisibl 0xB1, Atk+10 0xC0)","docs/ROM_DATA.md:61 (BN6's own DarkChips: DrkSword, DarkThnd, DrkRecov, DarkInvs, DarkPlus); docs/ROM_DATA.md:62 (BN6's own DarkChips in a run)","Verify, as seen headless with a throwaway hook (not committed) that wrote the folder in code * and marked it owned as own_folder_chips does, set the BugFrags through GiveBugfrags or TakeBugfrags and raised the battle's enemies to 2000 HP (`--seed 13`, its first battle a Mettaur): with 5 BugFrags DrkSword dealt 400 in a magenta crescent (a Mettaur two columns ahead and a row down deleted, a Starfish three columns ahead untouched), the BugFrags 5 to 4 at the use, save and battle's copy alike, the HP bug 2; DarkThnd 200, a purple Thunder ball, the Mettaur paralysed, the HP bug 1; DrkRecov 50 to 1050 of 2000 HP, the HP bug 7, then 1 HP each 10 frames; DarkInvs a time freeze named DarkInvs, then 480 frames of MegaMan as a green phantom slashing and firing his held Cannon on his own, LEFT held for 200 frames not keeping him in the back column, untouched by the Mettaur's shockwaves; DarkPlus after a Cannon left the HUD at ""Cannon 40"" with two chip icons and dealt 40 (Atk+10 in its place: ""Cannon 40+10""), and alone made a puff, took a BugFrag and gave the HP bug 4.",src/emu/bn6.h:333
BN6 Cybeast Gregar (USA),89fe0bac4fd3d2ab1d2ca35e87ef8b1294a84cd6,base_chips,rom,0x08010D84,,,,,,"BN6's own DarkChips: DrkSword, DarkThnd, DrkRecov, DarkInvs, DarkPlus: the base chips","docs/ROM_DATA.md:61 (BN6's own DarkChips: DrkSword, DarkThnd, DrkRecov, DarkInvs, DarkPlus)","Verify, as seen headless with a throwaway hook (not committed) that wrote the folder in code * and marked it owned as own_folder_chips does, set the BugFrags through GiveBugfrags or TakeBugfrags and raised the battle's enemies to 2000 HP (`--seed 13`, its first battle a Mettaur): with 5 BugFrags DrkSword dealt 400 in a magenta crescent (a Mettaur two columns ahead and a row down deleted, a Starfish three columns ahead untouched), the BugFrags 5 to 4 at the use, save and battle's copy alike, the HP bug 2; DarkThnd 200, a purple Thunder ball, the Mettaur paralysed, the HP bug 1; DrkRecov 50 to 1050 of 2000 HP, the HP bug 7, then 1 HP each 10 frames; DarkInvs a time freeze named DarkInvs, then 480 frames of MegaMan as a green phantom slashing and firing his held Cannon on his own, LEFT held for 200 frames not keeping him in the back column, untouched by the Mettaur's shockwaves; DarkPlus after a Cannon left the HUD at ""Cannon 40"" with two chip icons and dealt 40 (Atk+10 in its place: ""Cannon 40+10""), and alone made a puff, took a BugFrag and gave the HP bug 4.",docs/ROM_DATA.md:61
BN6 Cybeast Gregar (USA),89fe0bac4fd3d2ab1d2ca35e87ef8b1294a84cd6,BN6_DARK_BASES,code,0x08010D98,,,,,,"bn6f sub_8010D58, every chip use: r0 its record's DarkChipID (0xFF for most), r5 its user; with a BugFrag in the battle's count it spends one (0x0800F4B2), with none the base chip runs ... the base chips' routines, 10 bytes each, by DarkChipID: push {lr}; movs r0,#chip (Sword 0x47, Thunder 0x1E, Recov10 0x9A, Invisibl 0xB1, Atk+10 0xC0)",docs/ROM_DATA.md:62 (BN6's own DarkChips in a run),,src/emu/bn6.h:335
BN6 Cybeast Gregar (USA),89fe0bac4fd3d2ab1d2ca35e87ef8b1294a84cd6,chip_use_dark_id_read,rom,0x080127FC,,,,,,"BN6's own DarkChips: DrkSword, DarkThnd, DrkRecov, DarkInvs, DarkPlus: useChipRelated's read of +0x1F","docs/ROM_DATA.md:61 (BN6's own DarkChips: DrkSword, DarkThnd, DrkRecov, DarkInvs, DarkPlus)","Verify, as seen headless with a throwaway hook (not committed) that wrote the folder in code * and marked it owned as own_folder_chips does, set the BugFrags through GiveBugfrags or TakeBugfrags and raised the battle's enemies to 2000 HP (`--seed 13`, its first battle a Mettaur): with 5 BugFrags DrkSword dealt 400 in a magenta crescent (a Mettaur two columns ahead and a row down deleted, a Starfish three columns ahead untouched), the BugFrags 5 to 4 at the use, save and battle's copy alike, the HP bug 2; DarkThnd 200, a purple Thunder ball, the Mettaur paralysed, the HP bug 1; DrkRecov 50 to 1050 of 2000 HP, the HP bug 7, then 1 HP each 10 frames; DarkInvs a time freeze named DarkInvs, then 480 frames of MegaMan as a green phantom slashing and firing his held Cannon on his own, LEFT held for 200 frames not keeping him in the back column, untouched by the Mettaur's shockwaves; DarkPlus after a Cannon left the HUD at ""Cannon 40"" with two chip icons and dealt 40 (Atk+10 in its place: ""Cannon 40+10""), and alone made a puff, took a BugFrag and gave the HP bug 4.",docs/ROM_DATA.md:61
BN6 Cybeast Gregar (USA),89fe0bac4fd3d2ab1d2ca35e87ef8b1294a84cd6,RomLayout.enemy_ids,rom,0x080182C4,,,,,,"(version, actor type, ai) triples",docs/ROM_DATA.md:17 (Enemy id table),,src/core/rom.c:25
BN6 Cybeast Gregar (USA),89fe0bac4fd3d2ab1d2ca35e87ef8b1294a84cd6,RomLayout.encounters,rom,0x08020170,,,,,,"random battles: 4 story stages x (real world, internet) -> group -> map -> BattleSettings",docs/ROM_DATA.md:27 (Random battles),,src/core/rom.c:28
BN6 Cybeast Gregar (USA),89fe0bac4fd3d2ab1d2ca35e87ef8b1294a84cd6,busting_table,data,0x08020B9C,,,,,,Battle rewards: busting table,docs/ROM_DATA.md:96 (Battle rewards),"Found in romlab from the results screen's reward back to the chooser; verify: two Mettaurs at Busting S give Rflectr1 A, and with their row's chip entries recoded to P in the core's copy, the results screen and the pack show Rflectr1 P.",docs/ROM_DATA.md:96
BN6 Cybeast Gregar (USA),89fe0bac4fd3d2ab1d2ca35e87ef8b1294a84cd6,navi_base_stats,data,0x080210DD,,,,,,Starting state: navi base stats,docs/ROM_DATA.md:92 (Starting state),,docs/ROM_DATA.md:92
BN6 Cybeast Gregar (USA),89fe0bac4fd3d2ab1d2ca35e87ef8b1294a84cd6,RomLayout.battle_gem_rewards,rom,0x080211A0,,,,,,the in-battle Mystery Data's rewards: 8 tiers of 8 u16 (docs/ROM_DATA.md),docs/ROM_DATA.md:89 (Field objects and the in-battle Mystery Data),"Verify: `--dev gem` puts one in every random battle; win without touching it and the results give a second reward (980 zenny on layer 3), hit it and it breaks.",src/core/rom.c:32
BN6 Cybeast Gregar (USA),89fe0bac4fd3d2ab1d2ca35e87ef8b1294a84cd6,starting_state.folder,rom,0x080213AC,,,,,,Starting state: folder,docs/ROM_DATA.md:92 (Starting state); docs/ROM_DATA.md:94 (Chip folders),,docs/ROM_DATA.md:92
BN6 Cybeast Gregar (USA),89fe0bac4fd3d2ab1d2ca35e87ef8b1294a84cd6,chip_folders.rom_foldertable_6_preset_folders,rom,0x080213E8,,,,,,Chip folders: ROM FolderTable of 6 preset folders,docs/ROM_DATA.md:94 (Chip folders),,docs/ROM_DATA.md:94
BN6 Cybeast Gregar (USA),89fe0bac4fd3d2ab1d2ca35e87ef8b1294a84cd6,chip_folders.rom_foldertable_6_preset_folders_2,rom,0x0802158C,,,,,,Chip folders: ROM FolderTable of 6 preset folders,docs/ROM_DATA.md:94 (Chip folders),,docs/ROM_DATA.md:94
BN6 Cybeast Gregar (USA),89fe0bac4fd3d2ab1d2ca35e87ef8b1294a84cd6,chip_folders.rom_foldertable_6_preset_folders_3,rom,0x080215C8,,,,,,Chip folders: ROM FolderTable of 6 preset folders,docs/ROM_DATA.md:94 (Chip folders),,docs/ROM_DATA.md:94
BN6 Cybeast Gregar (USA),89fe0bac4fd3d2ab1d2ca35e87ef8b1294a84cd6,chip_folders.rom_foldertable_6_preset_folders_4,rom,0x08021604,,,,,,Chip folders: ROM FolderTable of 6 preset folders,docs/ROM_DATA.md:94 (Chip folders),,docs/ROM_DATA.md:94
BN6 Cybeast Gregar (USA),89fe0bac4fd3d2ab1d2ca35e87ef8b1294a84cd6,chip_folders.rom_foldertable_6_preset_folders_5,rom,0x08021640,,,,,,Chip folders: ROM FolderTable of 6 preset folders,docs/ROM_DATA.md:94 (Chip folders),,docs/ROM_DATA.md:94
BN6 Cybeast Gregar (USA),89fe0bac4fd3d2ab1d2ca35e87ef8b1294a84cd6,BN6_GIVE_CHIPS,code,0x08021AEF,,,,,,"GiveChips (chip, code, count)",,,src/emu/bn6.h:277
BN6 Cybeast Gregar (USA),89fe0bac4fd3d2ab1d2ca35e87ef8b1294a84cd6,RomLayout.chip_data,data,0x08021DA8,,,,,,0x2C-byte chip records,"docs/ROM_DATA.md:14 (Chip records (0x2C bytes)); docs/ROM_DATA.md:61 (BN6's own DarkChips: DrkSword, DarkThnd, DrkRecov, DarkInvs, DarkPlus); docs/ROM_DATA.md:113 (The All * helper)","Verify by listing the records whose words at 0x24 and 0x28 are equal: 34, all left out by the other rules but 275-277.",src/core/rom.c:22
BN6 Cybeast Gregar (USA),89fe0bac4fd3d2ab1d2ca35e87ef8b1294a84cd6,running_from_battle,rom,0x08026E98,,,,,,Running from a battle,docs/ROM_DATA.md:99 (Running from a battle),"Found in romlab on a story BlastMan EX battle: its word (`0x189D7`) refuses, patched to `0x189F7` or `0x49E2` it asks; verify: a guardian's battle says ""no time to run away"".",docs/ROM_DATA.md:99
BN6 Cybeast Gregar (USA),89fe0bac4fd3d2ab1d2ca35e87ef8b1294a84cd6,running_from_battle_2,rom,0x08026EC8,,,,,,Running from a battle,docs/ROM_DATA.md:99 (Running from a battle),"Found in romlab on a story BlastMan EX battle: its word (`0x189D7`) refuses, patched to `0x189F7` or `0x49E2` it asks; verify: a guardian's battle says ""no time to run away"".",docs/ROM_DATA.md:99
BN6 Cybeast Gregar (USA),89fe0bac4fd3d2ab1d2ca35e87ef8b1294a84cd6,plus_chips,rom,0x08029224,,,,,,"BN6's own DarkChips: DrkSword, DarkThnd, DrkRecov, DarkInvs, DarkPlus: the plus chips","docs/ROM_DATA.md:61 (BN6's own DarkChips: DrkSword, DarkThnd, DrkRecov, DarkInvs, DarkPlus)","Verify, as seen headless with a throwaway hook (not committed) that wrote the folder in code * and marked it owned as own_folder_chips does, set the BugFrags through GiveBugfrags or TakeBugfrags and raised the battle's enemies to 2000 HP (`--seed 13`, its first battle a Mettaur): with 5 BugFrags DrkSword dealt 400 in a magenta crescent (a Mettaur two columns ahead and a row down deleted, a Starfish three columns ahead untouched), the BugFrags 5 to 4 at the use, save and battle's copy alike, the HP bug 2; DarkThnd 200, a purple Thunder ball, the Mettaur paralysed, the HP bug 1; DrkRecov 50 to 1050 of 2000 HP, the HP bug 7, then 1 HP each 10 frames; DarkInvs a time freeze named DarkInvs, then 480 frames of MegaMan as a green phantom slashing and firing his held Cannon on his own, LEFT held for 200 frames not keeping him in the back column, untouched by the Mettaur's shockwaves; DarkPlus after a Cannon left the HUD at ""Cannon 40"" with two chip icons and dealt 40 (Atk+10 in its place: ""Cannon 40+10""), and alone made a puff, took a BugFrag and gave the HP bug 4.",docs/ROM_DATA.md:61
BN6 Cybeast Gregar (USA),89fe0bac4fd3d2ab1d2ca35e87ef8b1294a84cd6,BN6_PA_STAR_LIMIT,code,0x08029606,,,,,,"bn6f sub_80295C8, a Program Advance of one chip in codes in a row: cmp r2, #1 (0x2A01), one * of its three at most ... cmp r2, #3: three *, the All * helper's (docs/ROM_DATA.md)",docs/ROM_DATA.md:113 (The All * helper),"Verify: with All *, three Cannon * staged as a first hand's first picks show ""PrgAdvance"" and GigaCan1 (with `0x2A01` left there, three Cannons fire one by one); the gift's TimeBom2 (codes C D E) reads TimeBom2 * in the PET's pack, and a folder's Sword moved to the pack and back reads Sword * there and in the folder.",src/emu/bn6.h:99
BN6 Cybeast Gregar (USA),89fe0bac4fd3d2ab1d2ca35e87ef8b1294a84cd6,RomLayout.program_advances,rom,0x0802BA60,,,,,,the Program Advances: their results and the chips that make them (docs/ROM_DATA.md),docs/ROM_DATA.md:112 (Program Advances),"Verify: the first entry is `03 04 53 01 47 00 48 00 49 00` (LifeSrd from 71, 72, 73), the fourteenth `03 00 40 01 01 00` (GigaCan1 from three Cannons in a row), the forty-fourth `03 04 40 01 01 00 01 00 0C 00` (GigaCan1 from Cannon, Cannon, TankCan1: the Gate's).",src/core/rom.c:31
BN6 Cybeast Gregar (USA),89fe0bac4fd3d2ab1d2ca35e87ef8b1294a84cd6,dark_invis_control,rom,0x0802E4B8,,,,,,"BN6's own DarkChips: DrkSword, DarkThnd, DrkRecov, DarkInvs, DarkPlus","docs/ROM_DATA.md:61 (BN6's own DarkChips: DrkSword, DarkThnd, DrkRecov, DarkInvs, DarkPlus)","Verify, as seen headless with a throwaway hook (not committed) that wrote the folder in code * and marked it owned as own_folder_chips does, set the BugFrags through GiveBugfrags or TakeBugfrags and raised the battle's enemies to 2000 HP (`--seed 13`, its first battle a Mettaur): with 5 BugFrags DrkSword dealt 400 in a magenta crescent (a Mettaur two columns ahead and a row down deleted, a Starfish three columns ahead untouched), the BugFrags 5 to 4 at the use, save and battle's copy alike, the HP bug 2; DarkThnd 200, a purple Thunder ball, the Mettaur paralysed, the HP bug 1; DrkRecov 50 to 1050 of 2000 HP, the HP bug 7, then 1 HP each 10 frames; DarkInvs a time freeze named DarkInvs, then 480 frames of MegaMan as a green phantom slashing and firing his held Cannon on his own, LEFT held for 200 frames not keeping him in the back column, untouched by the Mettaur's shockwaves; DarkPlus after a Cannon left the HUD at ""Cannon 40"" with two chip icons and dealt 40 (Atk+10 in its place: ""Cannon 40+10""), and alone made a puff, took a BugFrag and gave the HP bug 4.",docs/ROM_DATA.md:61
BN6 Cybeast Gregar (USA),89fe0bac4fd3d2ab1d2ca35e87ef8b1294a84cd6,dark_invis_start,rom,0x0802E4E4,,,,,,"BN6's own DarkChips: DrkSword, DarkThnd, DrkRecov, DarkInvs, DarkPlus","docs/ROM_DATA.md:61 (BN6's own DarkChips: DrkSword, DarkThnd, DrkRecov, DarkInvs, DarkPlus)","Verify, as seen headless with a throwaway hook (not committed) that wrote the folder in code * and marked it owned as own_folder_chips does, set the BugFrags through GiveBugfrags or TakeBugfrags and raised the battle's enemies to 2000 HP (`--seed 13`, its first battle a Mettaur): with 5 BugFrags DrkSword dealt 400 in a magenta crescent (a Mettaur two columns ahead and a row down deleted, a Starfish three columns ahead untouched), the BugFrags 5 to 4 at the use, save and battle's copy alike, the HP bug 2; DarkThnd 200, a purple Thunder ball, the Mettaur paralysed, the HP bug 1; DrkRecov 50 to 1050 of 2000 HP, the HP bug 7, then 1 HP each 10 frames; DarkInvs a time freeze named DarkInvs, then 480 frames of MegaMan as a green phantom slashing and firing his held Cannon on his own, LEFT held for 200 frames not keeping him in the back column, untouched by the Mettaur's shockwaves; DarkPlus after a Cannon left the HUD at ""Cannon 40"" with two chip icons and dealt 40 (Atk+10 in its place: ""Cannon 40+10""), and alone made a puff, took a BugFrag and gave the HP bug 4.",docs/ROM_DATA.md:61
BN6 Cybeast Gregar (USA),89fe0bac4fd3d2ab1d2ca35e87ef8b1294a84cd6,map_flag_key.map_flags_clears,code,0x0802F0D8,,,,,,"Map, flag and key item events by hook: the map flags' clears","docs/ROM_DATA.md:25 (Map, flag and key item events by hook)","Verify: an autopilot run's log is the same as before; a layer's challenge and its Undernet warp start on a Yes (`tools/play.py start ch --fresh --seed 31 -- --scene emu --run-depth 4 --dev quiet --talk challenge:300`; `--seed 41`, `--run-depth 4 --net-biome 4 --talk undernet:300`); a ScrtData picked up is counted and MegaMan says what it is for (`--seed 53`, `--run-depth 5`: its Mystery Data at 348, -44, MegaMan put beside it with the dev step `place 328 -44 0`); a guardian's exit pad stays shut after each battle on its layer and after a CONTINUE there.",docs/ROM_DATA.md:25
BN6 Cybeast Gregar (USA),89fe0bac4fd3d2ab1d2ca35e87ef8b1294a84cd6,map_flag_key.map_flags_clears_2,code,0x0802F0F4,,,,,,"Map, flag and key item events by hook: the map flags' clears","docs/ROM_DATA.md:25 (Map, flag and key item events by hook)","Verify: an autopilot run's log is the same as before; a layer's challenge and its Undernet warp start on a Yes (`tools/play.py start ch --fresh --seed 31 -- --scene emu --run-depth 4 --dev quiet --talk challenge:300`; `--seed 41`, `--run-depth 4 --net-biome 4 --talk undernet:300`); a ScrtData picked up is counted and MegaMan says what it is for (`--seed 53`, `--run-depth 5`: its Mystery Data at 348, -44, MegaMan put beside it with the dev step `place 328 -44 0`); a guardian's exit pad stays shut after each battle on its layer and after a CONTINUE there.",docs/ROM_DATA.md:25
BN6 Cybeast Gregar (USA),89fe0bac4fd3d2ab1d2ca35e87ef8b1294a84cd6,BN6_SET_EVENT_FLAG,code,0x0802F114,,,,,,"SetEventFlag: r0 the flag (SetEventFlagFromImmediate, 0x0802F110, falls into it); the chat's EA 00 command calls it","docs/ROM_DATA.md:25 (Map, flag and key item events by hook)","Verify: an autopilot run's log is the same as before; a layer's challenge and its Undernet warp start on a Yes (`tools/play.py start ch --fresh --seed 31 -- --scene emu --run-depth 4 --dev quiet --talk challenge:300`; `--seed 41`, `--run-depth 4 --net-biome 4 --talk undernet:300`); a ScrtData picked up is counted and MegaMan says what it is for (`--seed 53`, `--run-depth 5`: its Mystery Data at 348, -44, MegaMan put beside it with the dev step `place 328 -44 0`); a guardian's exit pad stays shut after each battle on its layer and after a CONTINUE there.",src/emu/bn6.h:288
BN6 Cybeast Gregar (USA),89fe0bac4fd3d2ab1d2ca35e87ef8b1294a84cd6,oam_lists,data,0x0802FB7C,,,,,,Title marks: OAM lists,docs/ROM_DATA.md:20 (Title marks),"Check with `build.py shot --scene title --marks 1FE`: each mark whole, in its colours, where BN6 puts it.",docs/ROM_DATA.md:20
BN6 Cybeast Gregar (USA),89fe0bac4fd3d2ab1d2ca35e87ef8b1294a84cd6,load_table,data,0x0802FCD8,,,,,,Title screen: load table,docs/ROM_DATA.md:19 (Title screen),Check by drawing indices 1-0x4F of the picture with that cut: no 6 pixels remain and the N keeps its outline.,docs/ROM_DATA.md:19
BN6 Cybeast Gregar (USA),89fe0bac4fd3d2ab1d2ca35e87ef8b1294a84cd6,real_world_map_jumps,rom,0x08030904,,,,,,Lan's house and room,docs/ROM_DATA.md:30 (Lan's house and room); docs/ROM_DATA.md:31 (AsterLand and the Cyber Academy); docs/ROM_DATA.md:70 (Real-world map takeover),"Verify: `--scene town` starts a run in Lan's room at -62, 80; `0:place -40 -8 7` and R play Lan's ""Jack in!"" into Lan's HP's blue pad (`build.py screenshots home-pc`); down the room's stairs and out of the front door Lan stands by his house in the planned town (`town-central`).",docs/ROM_DATA.md:30
BN6 Cybeast Gregar (USA),89fe0bac4fd3d2ab1d2ca35e87ef8b1294a84cd6,BN6_ENTER_GROUP,rom,0x0803093C,,,,,,EnterMap_InternetMapGroupJumptable: per-group map loaders,docs/ROM_DATA.md:38 (Map sprite lists); docs/ROM_DATA.md:85 (Net maps' backdrops and animations),"Verify: in romlab, warped into each BN5 map, its BG palette (`0x05000000`, dumped every 32 frames) changes in those banks and no others; with BN5 beside BN6, `CYBERWORLD_EMU_DEBUG=1` prints ""xbackdrop: ... map 0x90:0's backdrop and animations for 0x90:0"" (0x93:0 for 0x91:1, 0x94:3 for 0x92:0), a capture of `--net-biome x0`, `x2` or `x3` over a few hundred frames shows BN5's backdrop moving and the GFXAnim slots at `0x020094C0` naming the copies, and BN6's own areas (`--seed 11` dresses none) draw frame for frame as without BN5.",src/emu/bn6.h:241
BN6 Cybeast Gregar (USA),89fe0bac4fd3d2ab1d2ca35e87ef8b1294a84cd6,RomLayout.map_anims,data,0x08030998,,,,,,"... and their LoadGFXAnims routines: through both, a net map's backdrop and animation tables",docs/ROM_DATA.md:85 (Net maps' backdrops and animations),"Verify: in romlab, warped into each BN5 map, its BG palette (`0x05000000`, dumped every 32 frames) changes in those banks and no others; with BN5 beside BN6, `CYBERWORLD_EMU_DEBUG=1` prints ""xbackdrop: ... map 0x90:0's backdrop and animations for 0x90:0"" (0x93:0 for 0x91:1, 0x94:3 for 0x92:0), a capture of `--net-biome x0`, `x2` or `x3` over a few hundred frames shows BN5's backdrop moving and the GFXAnim slots at `0x020094C0` naming the copies, and BN6's own areas (`--seed 11` dresses none) draw frame for frame as without BN5.",src/core/rom.c:67
BN6 Cybeast Gregar (USA),89fe0bac4fd3d2ab1d2ca35e87ef8b1294a84cd6,wall_test,rom,0x08030BD0,,,,,,Link Navi obstacles and security cubes: the wall test,docs/ROM_DATA.md:37 (Link Navi obstacles and security cubes),"Verify: seed 6 at depth 2 in a comp (`--net-biome 8`): A at the cube names it and asks around, the teller eight panels on tells its code, then A at the cube enters it and it vanishes; seed 4 at depth 2 in Seaside (`--net-biome 1 --talk zenny:300`): the toll takes 200 of 10000 zenny, and with none MegaMan says so.",docs/ROM_DATA.md:37
BN6 Cybeast Gregar (USA),89fe0bac4fd3d2ab1d2ca35e87ef8b1294a84cd6,link_navi_obstacles.literal,data,0x08030CA8,,,,,,Link Navi obstacles and security cubes: literal,docs/ROM_DATA.md:37 (Link Navi obstacles and security cubes),"Verify: seed 6 at depth 2 in a comp (`--net-biome 8`): A at the cube names it and asks around, the teller eight panels on tells its code, then A at the cube enters it and it vanishes; seed 4 at depth 2 in Seaside (`--net-biome 1 --talk zenny:300`): the toll takes 200 of 10000 zenny, and with none MegaMan says so.",docs/ROM_DATA.md:37
BN6 Cybeast Gregar (USA),89fe0bac4fd3d2ab1d2ca35e87ef8b1294a84cd6,RomLayout.sprite_lists,data,0x08031CC4,,,,,,SpritePointersList: 10 category tables,docs/ROM_DATA.md:13 (Sprite pointer lists),,src/core/rom.c:21
BN6 Cybeast Gregar (USA),89fe0bac4fd3d2ab1d2ca35e87ef8b1294a84cd6,mugshot_sprites,data,0x08032598,,,,,,Mugshots: mugshot pointers,docs/ROM_DATA.md:105 (Mugshots),Verified by the decoded sheet and by counting `F5 00 id` in the Gregar text archives.,docs/ROM_DATA.md:105
BN6 Cybeast Gregar (USA),89fe0bac4fd3d2ab1d2ca35e87ef8b1294a84cd6,real_world_maps.map_descriptors,data,0x080329A8,,,,,,Real-world maps: map descriptors,docs/ROM_DATA.md:69 (Real-world maps),"Checked by drawing all 37 maps (`build.py world`) and comparing the game's VRAM and palette RAM on Central Town with the decoded tile set: tiles 0-819 match, colours 0-207 match.",docs/ROM_DATA.md:69
BN6 Cybeast Gregar (USA),89fe0bac4fd3d2ab1d2ca35e87ef8b1294a84cd6,net_maps.map_descriptors,data,0x080329C4,,,,,,Net maps: map descriptors,docs/ROM_DATA.md:53 (Net maps),"Checked by drawing each layer alone (`area_src_render` with the other layer cleared) and both as the game shows them; `tiles.c` learns a tile's first layer alone where it draws the floor, and its second too only where the floor needs it.",docs/ROM_DATA.md:53
BN6 Cybeast Gregar (USA),89fe0bac4fd3d2ab1d2ca35e87ef8b1294a84cd6,real_world_maps.coordinate_data,data,0x08033530,,,,,,Real-world maps: coordinate data,docs/ROM_DATA.md:69 (Real-world maps),"Checked by drawing all 37 maps (`build.py world`) and comparing the game's VRAM and palette RAM on Central Town with the decoded tile set: tiles 0-819 match, colours 0-207 match.",docs/ROM_DATA.md:69
BN6 Cybeast Gregar (USA),89fe0bac4fd3d2ab1d2ca35e87ef8b1294a84cd6,net_maps.coordinate_data,data,0x0803354C,,,,,,Net maps: coordinate data,docs/ROM_DATA.md:53 (Net maps),"Checked by drawing each layer alone (`area_src_render` with the other layer cleared) and both as the game shows them; `tiles.c` learns a tile's first layer alone where it draws the floor, and its second too only where the floor needs it.",docs/ROM_DATA.md:53
BN6 Cybeast Gregar (USA),89fe0bac4fd3d2ab1d2ca35e87ef8b1294a84cd6,BN6_MAP_NAMES_PTR,data,0x08033F34,,,,,,"RenderMapName's literal: the map-name label's archive (TextScriptMapNames, 244 names of 12)",docs/ROM_DATA.md:104 (Map-name label),,src/emu/bn6.h:260
BN6 Cybeast Gregar (USA),89fe0bac4fd3d2ab1d2ca35e87ef8b1294a84cd6,map_script_lists,data,0x080345E4,,,,,,Real-world map takeover: map script lists,docs/ROM_DATA.md:70 (Real-world map takeover),"Found beside their internet counterparts in bn6f `asm03_1_0.s` and `asm03_0.s` (the real-world tables come first, 7 entries each); each pointer read from the Gregar ROM leads to its group's code or lists.",docs/ROM_DATA.md:70
BN6 Cybeast Gregar (USA),89fe0bac4fd3d2ab1d2ca35e87ef8b1294a84cd6,check_tables,data,0x0803461C,,,,,,Checks: check tables,docs/ROM_DATA.md:74 (Checks),"Found in Gregar as the literal (pool word `0x08040790`) of the second of three look-alike routines (`0x08040768`, bn6f `chatbox_selectCompTextByMap_8040794`); Central Town's table `0x0804F800` gives scripts 0-4, none, 6-10, 12, 13 for checks 0-12, ACDC Town's 0-7.",docs/ROM_DATA.md:74
BN6 Cybeast Gregar (USA),89fe0bac4fd3d2ab1d2ca35e87ef8b1294a84cd6,real_world_npc_lists,rom,0x08034638,,,,,,Real-world map takeover,docs/ROM_DATA.md:70 (Real-world map takeover),"Found beside their internet counterparts in bn6f `asm03_1_0.s` and `asm03_0.s` (the real-world tables come first, 7 entries each); each pointer read from the Gregar ROM leads to its group's code or lists.",docs/ROM_DATA.md:70
BN6 Cybeast Gregar (USA),89fe0bac4fd3d2ab1d2ca35e87ef8b1294a84cd6,object_spawners,rom,0x08034654,,,,,,Real-world map takeover: object spawners,docs/ROM_DATA.md:70 (Real-world map takeover),"Found beside their internet counterparts in bn6f `asm03_1_0.s` and `asm03_0.s` (the real-world tables come first, 7 entries each); each pointer read from the Gregar ROM leads to its group's code or lists.",docs/ROM_DATA.md:70
BN6 Cybeast Gregar (USA),89fe0bac4fd3d2ab1d2ca35e87ef8b1294a84cd6,BN6_MAP_SCRIPTS,data,0x08034670,,,,,,"(on enter, continuous) per-map map script lists",docs/ROM_DATA.md:28 (Map takeover),"Verify: `CYBERWORLD_AUTOPILOT=weak build.py shot --scene emu --seed 1 --setup short,0,0,0 --frames 32000`, home after each act, wins the Nest (the runlog's `run over at depth 10`).",src/emu/bn6.h:240
BN6 Cybeast Gregar (USA),89fe0bac4fd3d2ab1d2ca35e87ef8b1294a84cd6,internet_maps_check_tables,data,0x08034728,,,,,,Link Navi obstacles and security cubes: the internet maps' check tables,docs/ROM_DATA.md:37 (Link Navi obstacles and security cubes),"Verify: seed 6 at depth 2 in a comp (`--net-biome 8`): A at the cube names it and asks around, the teller eight panels on tells its code, then A at the cube enters it and it vanishes; seed 4 at depth 2 in Seaside (`--net-biome 1 --talk zenny:300`): the toll takes 200 of 10000 zenny, and with none MegaMan says so.",docs/ROM_DATA.md:37
BN6 Cybeast Gregar (USA),89fe0bac4fd3d2ab1d2ca35e87ef8b1294a84cd6,BN6_NPC_LISTS,data,0x080347E0,,,,,,NPCList_maps80: per-map lists of NPC script pointers,docs/ROM_DATA.md:28 (Map takeover),"Verify: `CYBERWORLD_AUTOPILOT=weak build.py shot --scene emu --seed 1 --setup short,0,0,0 --frames 32000`, home after each act, wins the Nest (the runlog's `run over at depth 10`).",src/emu/bn6.h:239
BN6 Cybeast Gregar (USA),89fe0bac4fd3d2ab1d2ca35e87ef8b1294a84cd6,BN6_OBJ_SPAWNERS,rom,0x0803483C,,,,,,InternetSpawnMapObjectJumptable: per-group spawn routines,docs/ROM_DATA.md:28 (Map takeover),"Verify: `CYBERWORLD_AUTOPILOT=weak build.py shot --scene emu --seed 1 --setup short,0,0,0 --frames 32000`, home after each act, wins the Nest (the runlog's `run over at depth 10`).",src/emu/bn6.h:242
BN6 Cybeast Gregar (USA),89fe0bac4fd3d2ab1d2ca35e87ef8b1294a84cd6,jack_routine,rom,0x08034CB6,,,,,,Jack-in: the jack routine,docs/ROM_DATA.md:75 (Jack-in),The table was found in Gregar by its first records (Falzar `0x080984C8`).,docs/ROM_DATA.md:75
BN6 Cybeast Gregar (USA),89fe0bac4fd3d2ab1d2ca35e87ef8b1294a84cd6,machines_map_lists,data,0x08034E60,,,,,,AsterLand and the Cyber Academy: the machines' map lists,docs/ROM_DATA.md:31 (AsterLand and the Cyber Academy),"Verify: `--scene town`, in at AsterLand's door, A facing the blue machine from its front (`0:place 92 48 7`, a step up) plays BN6's ""It's a Chip Trader.""; the green one (`0:place 112 48 7`) the ""Out of order"" sign; the board (`0:place -76 -38 7`) the visit's post, or ""The request board."" and ""Nothing new posted."" with a request held; in the Academy the foyer walked through from its gate to the turnstile, the hallways and class 6-1 crossed without a warp back.",docs/ROM_DATA.md:31
BN6 Cybeast Gregar (USA),89fe0bac4fd3d2ab1d2ca35e87ef8b1294a84cd6,chip_traders_maps,rom,0x08034E74,,,,,,AsterLand and the Cyber Academy: the Chip Traders' maps,docs/ROM_DATA.md:31 (AsterLand and the Cyber Academy),"Verify: `--scene town`, in at AsterLand's door, A facing the blue machine from its front (`0:place 92 48 7`, a step up) plays BN6's ""It's a Chip Trader.""; the green one (`0:place 112 48 7`) the ""Out of order"" sign; the board (`0:place -76 -38 7`) the visit's post, or ""The request board."" and ""Nothing new posted."" with a request held; in the Academy the foyer walked through from its gate to the turnstile, the hallways and class 6-1 crossed without a warp back.",docs/ROM_DATA.md:31
BN6 Cybeast Gregar (USA),89fe0bac4fd3d2ab1d2ca35e87ef8b1294a84cd6,number_trader_maps,rom,0x08034E80,,,,,,AsterLand and the Cyber Academy: the Number Trader's maps,docs/ROM_DATA.md:31 (AsterLand and the Cyber Academy),"Verify: `--scene town`, in at AsterLand's door, A facing the blue machine from its front (`0:place 92 48 7`, a step up) plays BN6's ""It's a Chip Trader.""; the green one (`0:place 112 48 7`) the ""Out of order"" sign; the board (`0:place -76 -38 7`) the visit's post, or ""The request board."" and ""Nothing new posted."" with a request held; in the Academy the foyer walked through from its gate to the turnstile, the hallways and class 6-1 crossed without a warp back.",docs/ROM_DATA.md:31
BN6 Cybeast Gregar (USA),89fe0bac4fd3d2ab1d2ca35e87ef8b1294a84cd6,chip_table_maps,data,0x08034E84,,,,,,AsterLand and the Cyber Academy: the chip table's maps,docs/ROM_DATA.md:31 (AsterLand and the Cyber Academy),"Verify: `--scene town`, in at AsterLand's door, A facing the blue machine from its front (`0:place 92 48 7`, a step up) plays BN6's ""It's a Chip Trader.""; the green one (`0:place 112 48 7`) the ""Out of order"" sign; the board (`0:place -76 -38 7`) the visit's post, or ""The request board."" and ""Nothing new posted."" with a request held; in the Academy the foyer walked through from its gate to the turnstile, the hallways and class 6-1 crossed without a warp back.",docs/ROM_DATA.md:31
BN6 Cybeast Gregar (USA),89fe0bac4fd3d2ab1d2ca35e87ef8b1294a84cd6,machines_checks_by_map,rom,0x08034EDC,,,,,,AsterLand and the Cyber Academy: the machines' checks by map,docs/ROM_DATA.md:31 (AsterLand and the Cyber Academy),"Verify: `--scene town`, in at AsterLand's door, A facing the blue machine from its front (`0:place 92 48 7`, a step up) plays BN6's ""It's a Chip Trader.""; the green one (`0:place 112 48 7`) the ""Out of order"" sign; the board (`0:place -76 -38 7`) the visit's post, or ""The request board."" and ""Nothing new posted."" with a request held; in the Academy the foyer walked through from its gate to the turnstile, the hallways and class 6-1 crossed without a warp back.",docs/ROM_DATA.md:31
BN6 Cybeast Gregar (USA),89fe0bac4fd3d2ab1d2ca35e87ef8b1294a84cd6,BN6_MAP_MUSIC,data,0x080360E4,,,,,,"per chapter (GameState+7): (group, per-map song bytes) entries of 8 bytes, ending 0xFF",docs/ROM_DATA.md:45 (Map music); docs/ROM_DATA.md:76 (Real-world music),,src/emu/bn6.h:243
BN6 Cybeast Gregar (USA),89fe0bac4fd3d2ab1d2ca35e87ef8b1294a84cd6,BN6_GIVE_ITEM,code,0x0803CD6C,,,,,,"GiveItem (Falzar 0x0803CD98): r0 the key item, r1 how many","docs/ROM_DATA.md:25 (Map, flag and key item events by hook)","Verify: an autopilot run's log is the same as before; a layer's challenge and its Undernet warp start on a Yes (`tools/play.py start ch --fresh --seed 31 -- --scene emu --run-depth 4 --dev quiet --talk challenge:300`; `--seed 41`, `--run-depth 4 --net-biome 4 --talk undernet:300`); a ScrtData picked up is counted and MegaMan says what it is for (`--seed 53`, `--run-depth 5`: its Mystery Data at 348, -44, MegaMan put beside it with the dev step `place 328 -44 0`); a guardian's exit pad stays shut after each battle on its layer and after a CONTINUE there.",src/emu/bn6.h:289
BN6 Cybeast Gregar (USA),89fe0bac4fd3d2ab1d2ca35e87ef8b1294a84cd6,BN6_GIVE_ZENNY,code,0x0803CFCD,,,,,,"GiveZenny (amount): ProtectedZenny and its checks, capped at 999999 (Falzar 0x0803CFF9)",docs/ROM_DATA.md:67 (GiveZenny and GiveBugfrags),"Verify: a guest battle won on a BN5 layer adds its results screen's zenny to the PET's, and its BugFrags to the state's `bugfrags` (BN5's results screen, above); `--talk bugfrags:FRAME` adds 50.",src/emu/bn6.h:292
BN6 Cybeast Gregar (USA),89fe0bac4fd3d2ab1d2ca35e87ef8b1294a84cd6,BN6_GIVE_BUGFRAGS,code,0x0803D055,,,,,,"GiveBugfrags (count): the protected count and its checks, capped at 9999 (--talk bugfrags; a guest battle's BugFrags)",docs/ROM_DATA.md:67 (GiveZenny and GiveBugfrags),"Verify: a guest battle won on a BN5 layer adds its results screen's zenny to the PET's, and its BugFrags to the state's `bugfrags` (BN5's results screen, above); `--talk bugfrags:FRAME` adds 50.",src/emu/bn6.h:291
BN6 Cybeast Gregar (USA),89fe0bac4fd3d2ab1d2ca35e87ef8b1294a84cd6,BN6_TAKE_BUGFRAGS,code,0x0803D09D,,,,,,TakeBugfrags (count),,,src/emu/bn6.h:278
BN6 Cybeast Gregar (USA),89fe0bac4fd3d2ab1d2ca35e87ef8b1294a84cd6,BN6_SAVE_GAME,code,0x0803F76D,,,,,,"bn6f sub_803F798: the game saved to the cartridge, as after every trade",,,src/emu/bn6.h:279
BN6 Cybeast Gregar (USA),89fe0bac4fd3d2ab1d2ca35e87ef8b1294a84cd6,BN6_CHAT_RUN_SCRIPT,code,0x08040359,,,,,,"chatbox_runScript (archive, script index)",,,src/emu/bn6.h:290
BN6 Cybeast Gregar (USA),89fe0bac4fd3d2ab1d2ca35e87ef8b1294a84cd6,map_text_archive_table,data,0x08040794,,,,,,Checks: map text archives,docs/ROM_DATA.md:74 (Checks),"Found in Gregar as the literal (pool word `0x08040790`) of the second of three look-alike routines (`0x08040768`, bn6f `chatbox_selectCompTextByMap_8040794`); Central Town's table `0x0804F800` gives scripts 0-4, none, 6-10, 12, 13 for checks 0-12, ACDC Town's 0-7.",docs/ROM_DATA.md:74
BN6 Cybeast Gregar (USA),89fe0bac4fd3d2ab1d2ca35e87ef8b1294a84cd6,text_archives,data,0x08040798,,,,,,Link Navi obstacles and security cubes: their text archives',docs/ROM_DATA.md:37 (Link Navi obstacles and security cubes),"Verify: seed 6 at depth 2 in a comp (`--net-biome 8`): A at the cube names it and asks around, the teller eight panels on tells its code, then A at the cube enters it and it vanishes; seed 4 at depth 2 in Seaside (`--net-biome 1 --talk zenny:300`): the toll takes 200 of 10000 zenny, and with none MegaMan says so.",docs/ROM_DATA.md:37
BN6 Cybeast Gregar (USA),89fe0bac4fd3d2ab1d2ca35e87ef8b1294a84cd6,BN6_KEY_NAMES_PTRS.0,data,0x08042034,,,,,,"the literals that point at it: the KeyItem screen's, the text scripts', the shop's, SubChip's",docs/ROM_DATA.md:88 (The PET's KeyItem and E-Mail words),"Verify: in a run, KeyItem lists NaviCode and LibCard with their words, and E-Mail a mail from Dad per guardian met, its body the guardian's warning.",src/emu/bn6.h:200
BN6 Cybeast Gregar (USA),89fe0bac4fd3d2ab1d2ca35e87ef8b1294a84cd6,BN6_CHAT_FONT_WIDTHS,data,0x08043C74,,,,,,"the chat box's font: 16x12 4bpp glyphs, 0x60 bytes per character code ... its widths in pixels, a byte per code",docs/ROM_DATA.md:102 (Chat font),"Verify: code 0x0F is an `E` whose top row reads `0x11`, and its width byte is 8.",src/emu/bn6.h:250
BN6 Cybeast Gregar (USA),89fe0bac4fd3d2ab1d2ca35e87ef8b1294a84cd6,BN6_SHOP_DESCS,data,0x08046B68,,,,,,"per shop: currency (0 zenny, 1 BugFrags, 2 Chip Order), text, data offset, entries",docs/ROM_DATA.md:33 (Home's shops); docs/ROM_DATA.md:43 (Shops); docs/ROM_DATA.md:122 (The second screen's shops and traders),"Verify: `--scene town --dev zenny=8000`, at AsterLand's register the clerk's list with Cannon A at 1000 zenny; ordered, ""I bought ""Cannon A""!"", 7000 zenny, and his ""That's your order for today!"" after; the seller beside him: MiniEnrg, FullEnrg, SneakRun, Untrap; the second screen names the chip under the order's cursor.",src/emu/bn6.h:261
BN6 Cybeast Gregar (USA),89fe0bac4fd3d2ab1d2ca35e87ef8b1294a84cd6,order_service_descriptor,rom,0x08046C88,,,,,,Home's shops: the Order Service's descriptor,docs/ROM_DATA.md:33 (Home's shops),"Verify: `--scene town --dev zenny=8000`, at AsterLand's register the clerk's list with Cannon A at 1000 zenny; ordered, ""I bought ""Cannon A""!"", 7000 zenny, and his ""That's your order for today!"" after; the seller beside him: MiniEnrg, FullEnrg, SneakRun, Untrap; the second screen names the chip under the order's cursor.",docs/ROM_DATA.md:33
BN6 Cybeast Gregar (USA),89fe0bac4fd3d2ab1d2ca35e87ef8b1294a84cd6,BN6_KEY_NAMES_PTRS.1,data,0x0804761C,,,,,,"the literals that point at it: the KeyItem screen's, the text scripts', the shop's, SubChip's",docs/ROM_DATA.md:88 (The PET's KeyItem and E-Mail words),"Verify: in a run, KeyItem lists NaviCode and LibCard with their words, and E-Mail a mail from Dad per guardian met, its body the guardian's warning.",src/emu/bn6.h:200
BN6 Cybeast Gregar (USA),89fe0bac4fd3d2ab1d2ca35e87ef8b1294a84cd6,BN6_SHOP_INIT,data,0x08047D70,,,,,,the shop data a new game copies to ShopDataPtr,docs/ROM_DATA.md:43 (Shops),"Verify: decompress the text with and without the byte changed: exactly seven bytes differ, each a face; a program shop's window then shows the face its chat does.",src/emu/bn6.h:263
BN6 Cybeast Gregar (USA),89fe0bac4fd3d2ab1d2ca35e87ef8b1294a84cd6,central_town_subchip_shop,rom,0x08048130,,,,,,Home's shops: Central Town's SubChip shop,docs/ROM_DATA.md:33 (Home's shops),"Verify: `--scene town --dev zenny=8000`, at AsterLand's register the clerk's list with Cannon A at 1000 zenny; ordered, ""I bought ""Cannon A""!"", 7000 zenny, and his ""That's your order for today!"" after; the seller beside him: MiniEnrg, FullEnrg, SneakRun, Untrap; the second screen names the chip under the order's cursor.",docs/ROM_DATA.md:33
BN6 Cybeast Gregar (USA),89fe0bac4fd3d2ab1d2ca35e87ef8b1294a84cd6,order_service_list_rom,data,0x080481F0,,,,,,Home's shops: the Order Service's list in ROM,docs/ROM_DATA.md:33 (Home's shops),"Verify: `--scene town --dev zenny=8000`, at AsterLand's register the clerk's list with Cannon A at 1000 zenny; ordered, ""I bought ""Cannon A""!"", 7000 zenny, and his ""That's your order for today!"" after; the seller beside him: MiniEnrg, FullEnrg, SneakRun, Untrap; the second screen names the chip under the order's cursor.",docs/ROM_DATA.md:33
BN6 Cybeast Gregar (USA),89fe0bac4fd3d2ab1d2ca35e87ef8b1294a84cd6,BN6_TRADER_RESET,code,0x0804B0AD,,,,,,bn6f sub_804A2E8: clears the trade's state and the submenu's,,,src/emu/bn6.h:275
BN6 Cybeast Gregar (USA),89fe0bac4fd3d2ab1d2ca35e87ef8b1294a84cd6,BN6_TRADER_MODES,data,0x0804BDCC,,,,,,2 weights: the prize one the Library has (192) or a new one (64),,,src/emu/bn6.h:269
BN6 Cybeast Gregar (USA),89fe0bac4fd3d2ab1d2ca35e87ef8b1294a84cd6,BN6_TRADER_PRIZE,code,0x0804CAC5,,,,,,"bn6f sub_804BD00: a prize from the map's pool, r0 its chip, r1 its code",,,src/emu/bn6.h:276
BN6 Cybeast Gregar (USA),89fe0bac4fd3d2ab1d2ca35e87ef8b1294a84cd6,BN6_TRADER_POOLS,data,0x0804CDE0,,,,,,"5 x (map key, chip list, rarity weights): prizes by the trader's map",docs/ROM_DATA.md:40 (Chip Traders),"Verify by dumping a pool's first records beside the chips' own codes at `chip_data` (the same bytes), by `CYBERWORLD_EMU_DEBUG`'s ""trader: N of M chips"" line (74 of 108 for the Standard folder at a depth-8 trader), and by trading at a layer's trader (there: Roll *, TrnArrw1 A, M-Cannon S).",src/emu/bn6.h:267
BN6 Cybeast Gregar (USA),89fe0bac4fd3d2ab1d2ca35e87ef8b1294a84cd6,lan_house_room.town,rom,0x0804F210,,,,,,Lan's house and room: : the town's,docs/ROM_DATA.md:30 (Lan's house and room); docs/ROM_DATA.md:31 (AsterLand and the Cyber Academy),"Verify: `--scene town` starts a run in Lan's room at -62, 80; `0:place -40 -8 7` and R play Lan's ""Jack in!"" into Lan's HP's blue pad (`build.py screenshots home-pc`); down the room's stairs and out of the front door Lan stands by his house in the planned town (`town-central`).",docs/ROM_DATA.md:30
BN6 Cybeast Gregar (USA),89fe0bac4fd3d2ab1d2ca35e87ef8b1294a84cd6,lan_house_room.town_2,rom,0x0804F224,,,,,,Lan's house and room: : the town's,docs/ROM_DATA.md:30 (Lan's house and room),"Verify: `--scene town` starts a run in Lan's room at -62, 80; `0:place -40 -8 7` and R play Lan's ""Jack in!"" into Lan's HP's blue pad (`build.py screenshots home-pc`); down the room's stairs and out of the front door Lan stands by his house in the planned town (`town-central`).",docs/ROM_DATA.md:30
BN6 Cybeast Gregar (USA),89fe0bac4fd3d2ab1d2ca35e87ef8b1294a84cd6,lan_house_room.house,rom,0x0804F274,,,,,,Lan's house and room: the house's,docs/ROM_DATA.md:30 (Lan's house and room); docs/ROM_DATA.md:73 (Warps back from a building),"Verify: `--scene town` starts a run in Lan's room at -62, 80; `0:place -40 -8 7` and R play Lan's ""Jack in!"" into Lan's HP's blue pad (`build.py screenshots home-pc`); down the room's stairs and out of the front door Lan stands by his house in the planned town (`town-central`).",docs/ROM_DATA.md:30
BN6 Cybeast Gregar (USA),89fe0bac4fd3d2ab1d2ca35e87ef8b1294a84cd6,lan_house_room.room,rom,0x0804F2A4,,,,,,Lan's house and room: the room's,docs/ROM_DATA.md:30 (Lan's house and room),"Verify: `--scene town` starts a run in Lan's room at -62, 80; `0:place -40 -8 7` and R play Lan's ""Jack in!"" into Lan's HP's blue pad (`build.py screenshots home-pc`); down the room's stairs and out of the front door Lan stands by his house in the planned town (`town-central`).",docs/ROM_DATA.md:30
BN6 Cybeast Gregar (USA),89fe0bac4fd3d2ab1d2ca35e87ef8b1294a84cd6,asterland_warp_list,data,0x0804F2C4,,,,,,AsterLand and the Cyber Academy: AsterLand's warp list,docs/ROM_DATA.md:31 (AsterLand and the Cyber Academy),"Verify: `--scene town`, in at AsterLand's door, A facing the blue machine from its front (`0:place 92 48 7`, a step up) plays BN6's ""It's a Chip Trader.""; the green one (`0:place 112 48 7`) the ""Out of order"" sign; the board (`0:place -76 -38 7`) the visit's post, or ""The request board."" and ""Nothing new posted."" with a request held; in the Academy the foyer walked through from its gate to the turnstile, the hallways and class 6-1 crossed without a warp back.",docs/ROM_DATA.md:31
BN6 Cybeast Gregar (USA),89fe0bac4fd3d2ab1d2ca35e87ef8b1294a84cd6,central_town_map_loader,rom,0x0804F4B0,,,,,,Lan's house and room: Central Town's map loader,docs/ROM_DATA.md:30 (Lan's house and room),"Verify: `--scene town` starts a run in Lan's room at -62, 80; `0:place -40 -8 7` and R play Lan's ""Jack in!"" into Lan's HP's blue pad (`build.py screenshots home-pc`); down the room's stairs and out of the front door Lan stands by his house in the planned town (`town-central`).",docs/ROM_DATA.md:30
BN6 Cybeast Gregar (USA),89fe0bac4fd3d2ab1d2ca35e87ef8b1294a84cd6,lan_house_room.literal,data,0x0804F50C,,,,,,Lan's house and room: literal,docs/ROM_DATA.md:30 (Lan's house and room),"Verify: `--scene town` starts a run in Lan's room at -62, 80; `0:place -40 -8 7` and R play Lan's ""Jack in!"" into Lan's HP's blue pad (`build.py screenshots home-pc`); down the room's stairs and out of the front door Lan stands by his house in the planned town (`town-central`).",docs/ROM_DATA.md:30
BN6 Cybeast Gregar (USA),89fe0bac4fd3d2ab1d2ca35e87ef8b1294a84cd6,central_town,rom,0x0804F5D0,,,,,,Map objects: Central Town,docs/ROM_DATA.md:71 (Map objects),,docs/ROM_DATA.md:71
BN6 Cybeast Gregar (USA),89fe0bac4fd3d2ab1d2ca35e87ef8b1294a84cd6,jack_tables,data,0x0804F850,,,,,,Lan's house and room: its jack-in tables,docs/ROM_DATA.md:30 (Lan's house and room),"Verify: `--scene town` starts a run in Lan's room at -62, 80; `0:place -40 -8 7` and R play Lan's ""Jack in!"" into Lan's HP's blue pad (`build.py screenshots home-pc`); down the room's stairs and out of the front door Lan stands by his house in the planned town (`town-central`).",docs/ROM_DATA.md:30
BN6 Cybeast Gregar (USA),89fe0bac4fd3d2ab1d2ca35e87ef8b1294a84cd6,lan_house_room.town_3,rom,0x0804F864,,,,,,Lan's house and room: the town's,docs/ROM_DATA.md:30 (Lan's house and room),"Verify: `--scene town` starts a run in Lan's room at -62, 80; `0:place -40 -8 7` and R play Lan's ""Jack in!"" into Lan's HP's blue pad (`build.py screenshots home-pc`); down the room's stairs and out of the front door Lan stands by his house in the planned town (`town-central`).",docs/ROM_DATA.md:30
BN6 Cybeast Gregar (USA),89fe0bac4fd3d2ab1d2ca35e87ef8b1294a84cd6,lan_house_room.house_2,rom,0x0804F86C,,,,,,Lan's house and room: the house's,docs/ROM_DATA.md:30 (Lan's house and room),"Verify: `--scene town` starts a run in Lan's room at -62, 80; `0:place -40 -8 7` and R play Lan's ""Jack in!"" into Lan's HP's blue pad (`build.py screenshots home-pc`); down the room's stairs and out of the front door Lan stands by his house in the planned town (`town-central`).",docs/ROM_DATA.md:30
BN6 Cybeast Gregar (USA),89fe0bac4fd3d2ab1d2ca35e87ef8b1294a84cd6,lan_room_jack_table,data,0x0804F874,,,,,,Lan's HP: Lan's room's jack-in table,docs/ROM_DATA.md:29 (Lan's HP); docs/ROM_DATA.md:30 (Lan's house and room),"Verify: `--scene home --run-depth 7 --marks 08` shows two link markers lit beside the pink pad; MegaMan on the link up top warps to the other way's layer (""home: way 1 taken"" with `CYBERWORLD_EMU_DEBUG=1`), R asks BN6's ""MegaMan, jack out?"", and its yes sets Lan down at his PC.",docs/ROM_DATA.md:29
BN6 Cybeast Gregar (USA),89fe0bac4fd3d2ab1d2ca35e87ef8b1294a84cd6,academy_loader_warp_lists_table,data,0x080530C4,,,,,,"AsterLand and the Cyber Academy: the Academy's loader, its warp lists' table",docs/ROM_DATA.md:31 (AsterLand and the Cyber Academy),"Verify: `--scene town`, in at AsterLand's door, A facing the blue machine from its front (`0:place 92 48 7`, a step up) plays BN6's ""It's a Chip Trader.""; the green one (`0:place 112 48 7`) the ""Out of order"" sign; the board (`0:place -76 -38 7`) the visit's post, or ""The request board."" and ""Nothing new posted."" with a request held; in the Academy the foyer walked through from its gate to the turnstile, the hallways and class 6-1 crossed without a warp back.",docs/ROM_DATA.md:31
BN6 Cybeast Gregar (USA),89fe0bac4fd3d2ab1d2ca35e87ef8b1294a84cd6,class_6_1,rom,0x080530F0,,,,,,AsterLand and the Cyber Academy: class 6-1,docs/ROM_DATA.md:31 (AsterLand and the Cyber Academy),"Verify: `--scene town`, in at AsterLand's door, A facing the blue machine from its front (`0:place 92 48 7`, a step up) plays BN6's ""It's a Chip Trader.""; the green one (`0:place 112 48 7`) the ""Out of order"" sign; the board (`0:place -76 -38 7`) the visit's post, or ""The request board."" and ""Nothing new posted."" with a request held; in the Academy the foyer walked through from its gate to the turnstile, the hallways and class 6-1 crossed without a warp back.",docs/ROM_DATA.md:31
BN6 Cybeast Gregar (USA),89fe0bac4fd3d2ab1d2ca35e87ef8b1294a84cd6,asterland_cyber_academy.1f_hallway,rom,0x08053170,,,,,,AsterLand and the Cyber Academy: the 1F hallway,docs/ROM_DATA.md:31 (AsterLand and the Cyber Academy),"Verify: `--scene town`, in at AsterLand's door, A facing the blue machine from its front (`0:place 92 48 7`, a step up) plays BN6's ""It's a Chip Trader.""; the green one (`0:place 112 48 7`) the ""Out of order"" sign; the board (`0:place -76 -38 7`) the visit's post, or ""The request board."" and ""Nothing new posted."" with a request held; in the Academy the foyer walked through from its gate to the turnstile, the hallways and class 6-1 crossed without a warp back.",docs/ROM_DATA.md:31
BN6 Cybeast Gregar (USA),89fe0bac4fd3d2ab1d2ca35e87ef8b1294a84cd6,asterland_cyber_academy.2f_hallway,rom,0x080531D0,,,,,,AsterLand and the Cyber Academy: the 2F hallway,docs/ROM_DATA.md:31 (AsterLand and the Cyber Academy),"Verify: `--scene town`, in at AsterLand's door, A facing the blue machine from its front (`0:place 92 48 7`, a step up) plays BN6's ""It's a Chip Trader.""; the green one (`0:place 112 48 7`) the ""Out of order"" sign; the board (`0:place -76 -38 7`) the visit's post, or ""The request board."" and ""Nothing new posted."" with a request held; in the Academy the foyer walked through from its gate to the turnstile, the hallways and class 6-1 crossed without a warp back.",docs/ROM_DATA.md:31
BN6 Cybeast Gregar (USA),89fe0bac4fd3d2ab1d2ca35e87ef8b1294a84cd6,asterland_cyber_academy.foyer,rom,0x08053230,,,,,,AsterLand and the Cyber Academy: the foyer,docs/ROM_DATA.md:31 (AsterLand and the Cyber Academy),"Verify: `--scene town`, in at AsterLand's door, A facing the blue machine from its front (`0:place 92 48 7`, a step up) plays BN6's ""It's a Chip Trader.""; the green one (`0:place 112 48 7`) the ""Out of order"" sign; the board (`0:place -76 -38 7`) the visit's post, or ""The request board."" and ""Nothing new posted."" with a request held; in the Academy the foyer walked through from its gate to the turnstile, the hallways and class 6-1 crossed without a warp back.",docs/ROM_DATA.md:31
BN6 Cybeast Gregar (USA),89fe0bac4fd3d2ab1d2ca35e87ef8b1294a84cd6,academy_loader,rom,0x08053508,,,,,,AsterLand and the Cyber Academy: the Academy's loader,docs/ROM_DATA.md:31 (AsterLand and the Cyber Academy),"Verify: `--scene town`, in at AsterLand's door, A facing the blue machine from its front (`0:place 92 48 7`, a step up) plays BN6's ""It's a Chip Trader.""; the green one (`0:place 112 48 7`) the ""Out of order"" sign; the board (`0:place -76 -38 7`) the visit's post, or ""The request board."" and ""Nothing new posted."" with a request held; in the Academy the foyer walked through from its gate to the turnstile, the hallways and class 6-1 crossed without a warp back.",docs/ROM_DATA.md:31
BN6 Cybeast Gregar (USA),89fe0bac4fd3d2ab1d2ca35e87ef8b1294a84cd6,lan_hp_warp_list,data,0x0806CE90,,,,,,Lan's HP: Lan's HP's warp list,docs/ROM_DATA.md:29 (Lan's HP),"Verify: `--scene home --run-depth 7 --marks 08` shows two link markers lit beside the pink pad; MegaMan on the link up top warps to the other way's layer (""home: way 1 taken"" with `CYBERWORLD_EMU_DEBUG=1`), R asks BN6's ""MegaMan, jack out?"", and its yes sets Lan down at his PC.",docs/ROM_DATA.md:29
BN6 Cybeast Gregar (USA),89fe0bac4fd3d2ab1d2ca35e87ef8b1294a84cd6,for_central,rom,0x08072410,,,,,,Warp pads: for Central,docs/ROM_DATA.md:51 (Warp pads),Checked by placing MegaMan in the left corner cell of a layer's exit pad: he warps.,docs/ROM_DATA.md:51
BN6 Cybeast Gregar (USA),89fe0bac4fd3d2ab1d2ca35e87ef8b1294a84cd6,RomLayout.battle_bg_refs.1,data,0x08081EEC,,,,,,"the loader's literals naming those three tables: BGAnimData, animations, scroll",,,src/core/rom.c:65
BN6 Cybeast Gregar (USA),89fe0bac4fd3d2ab1d2ca35e87ef8b1294a84cd6,RomLayout.battle_bg_refs.2,data,0x08081EF0,,,,,,"the loader's literals naming those three tables: BGAnimData, animations, scroll",,,src/core/rom.c:65
BN6 Cybeast Gregar (USA),89fe0bac4fd3d2ab1d2ca35e87ef8b1294a84cd6,RomLayout.battle_bg_scroll,rom,0x08081EF4,,,,,,"their scroll callbacks, 16 bytes each",docs/ROM_DATA.md:86 (Battle backgrounds),"Verify: with BN5 beside BN6, `CYBERWORLD_EMU_DEBUG=1` prints ""xbackdrop: background 8 ... as 0x16"" (10, 15 and 25 as 0x17-0x19), and a battle on `--net-biome x0` to `x3` (`--seed 2`, the autopilot finds one) shows BN5's background: ACDC Area's blue diamonds, SciLab's scrolling binary, End Area's red field of diamonds, Nebula Area's still stars.",src/core/rom.c:64
BN6 Cybeast Gregar (USA),89fe0bac4fd3d2ab1d2ca35e87ef8b1294a84cd6,RomLayout.battle_bg_refs.0,data,0x08082054,,,,,,"the loader's literals naming those three tables: BGAnimData, animations, scroll",,,src/core/rom.c:65
BN6 Cybeast Gregar (USA),89fe0bac4fd3d2ab1d2ca35e87ef8b1294a84cd6,RomLayout.battle_bgs,rom,0x08082058,,,,,,BGAnimData per battle background 0x00-0x15 (docs/ROM_DATA.md),docs/ROM_DATA.md:86 (Battle backgrounds),"Verify: with BN5 beside BN6, `CYBERWORLD_EMU_DEBUG=1` prints ""xbackdrop: background 8 ... as 0x16"" (10, 15 and 25 as 0x17-0x19), and a battle on `--net-biome x0` to `x3` (`--seed 2`, the autopilot finds one) shows BN5's background: ACDC Area's blue diamonds, SciLab's scrolling binary, End Area's red field of diamonds, Nebula Area's still stars.",src/core/rom.c:62
BN6 Cybeast Gregar (USA),89fe0bac4fd3d2ab1d2ca35e87ef8b1294a84cd6,RomLayout.battle_bg_anims,data,0x080822E0,,,,,,their tile and palette animation scripts,docs/ROM_DATA.md:86 (Battle backgrounds),"Verify: with BN5 beside BN6, `CYBERWORLD_EMU_DEBUG=1` prints ""xbackdrop: background 8 ... as 0x16"" (10, 15 and 25 as 0x17-0x19), and a battle on `--net-biome x0` to `x3` (`--seed 2`, the autopilot finds one) shows BN5's background: ACDC Area's blue diamonds, SciLab's scrolling binary, End Area's red field of diamonds, Nebula Area's still stars.",src/core/rom.c:63
BN6 Cybeast Gregar (USA),89fe0bac4fd3d2ab1d2ca35e87ef8b1294a84cd6,checks_cutscene,rom,0x08099890,,,,,,Link Navi obstacles and security cubes: the checks' cutscene,docs/ROM_DATA.md:37 (Link Navi obstacles and security cubes),"Verify: seed 6 at depth 2 in a comp (`--net-biome 8`): A at the cube names it and asks around, the teller eight panels on tells its code, then A at the cube enters it and it vanishes; seed 4 at depth 2 in Seaside (`--net-biome 1 --talk zenny:300`): the toll takes 200 of 10000 zenny, and with none MegaMan says so.",docs/ROM_DATA.md:37
BN6 Cybeast Gregar (USA),89fe0bac4fd3d2ab1d2ca35e87ef8b1294a84cd6,jack_destinations,rom,0x08099A00,,,,,,Lan's house and room: jack-in destinations,docs/ROM_DATA.md:29 (Lan's HP); docs/ROM_DATA.md:30 (Lan's house and room); docs/ROM_DATA.md:75 (Jack-in),"Verify: `--scene home --run-depth 7 --marks 08` shows two link markers lit beside the pink pad; MegaMan on the link up top warps to the other way's layer (""home: way 1 taken"" with `CYBERWORLD_EMU_DEBUG=1`), R asks BN6's ""MegaMan, jack out?"", and its yes sets Lan down at his PC.",docs/ROM_DATA.md:30
BN6 Cybeast Gregar (USA),89fe0bac4fd3d2ab1d2ca35e87ef8b1294a84cd6,BN6_TRADER_KINDS,rom,0x0809B7E4,,,,,,"6 x (map key, u8 trader script): which lines the trade screen shows",docs/ROM_DATA.md:40 (Chip Traders),"Verify by dumping a pool's first records beside the chips' own codes at `chip_data` (the same bytes), by `CYBERWORLD_EMU_DEBUG`'s ""trader: N of M chips"" line (74 of 108 for the Standard folder at a depth-8 trader), and by trading at a layer's trader (there: Roll *, TrnArrw1 A, M-Cannon S).",src/emu/bn6.h:268
BN6 Cybeast Gregar (USA),89fe0bac4fd3d2ab1d2ca35e87ef8b1294a84cd6,rush_gaps.table,data,0x0809D628,,,,,,Rush's gaps: table,docs/ROM_DATA.md:35 (Rush's gaps),"Verified: live in romlab on Central Area 2 and with its gap moved to comp map 0x8C:0 through the repointed literals; on a generated layer (seed 8, depth 2) A with RushFood ran the cutscene, Rush lay in the gap, MegaMan crossed both ways and took the island's data; without RushFood the edge held.",docs/ROM_DATA.md:35
BN6 Cybeast Gregar (USA),89fe0bac4fd3d2ab1d2ca35e87ef8b1294a84cd6,rush_gaps.check,rom,0x0809DEA0,,,,,,Rush's gaps: the check,docs/ROM_DATA.md:35 (Rush's gaps),"Verified: live in romlab on Central Area 2 and with its gap moved to comp map 0x8C:0 through the repointed literals; on a generated layer (seed 8, depth 2) A with RushFood ran the cutscene, Rush lay in the gap, MegaMan crossed both ways and took the island's data; without RushFood the edge held.",docs/ROM_DATA.md:35
BN6 Cybeast Gregar (USA),89fe0bac4fd3d2ab1d2ca35e87ef8b1294a84cd6,rush_gaps.table_literals,data,0x0809DF70,,,,,,Rush's gaps: their table's literals,docs/ROM_DATA.md:35 (Rush's gaps),"Verified: live in romlab on Central Area 2 and with its gap moved to comp map 0x8C:0 through the repointed literals; on a generated layer (seed 8, depth 2) A with RushFood ran the cutscene, Rush lay in the gap, MegaMan crossed both ways and took the island's data; without RushFood the edge held.",docs/ROM_DATA.md:35
BN6 Cybeast Gregar (USA),89fe0bac4fd3d2ab1d2ca35e87ef8b1294a84cd6,rush_gaps.deployed,rom,0x0809DF78,,,,,,Rush's gaps: deployed?,docs/ROM_DATA.md:35 (Rush's gaps),"Verified: live in romlab on Central Area 2 and with its gap moved to comp map 0x8C:0 through the repointed literals; on a generated layer (seed 8, depth 2) A with RushFood ran the cutscene, Rush lay in the gap, MegaMan crossed both ways and took the island's data; without RushFood the edge held.",docs/ROM_DATA.md:35
BN6 Cybeast Gregar (USA),89fe0bac4fd3d2ab1d2ca35e87ef8b1294a84cd6,rush_gaps.table_literals_2,data,0x0809DFB8,,,,,,Rush's gaps: their table's literals,docs/ROM_DATA.md:35 (Rush's gaps),"Verified: live in romlab on Central Area 2 and with its gap moved to comp map 0x8C:0 through the repointed literals; on a generated layer (seed 8, depth 2) A with RushFood ran the cutscene, Rush lay in the gap, MegaMan crossed both ways and took the island's data; without RushFood the edge held.",docs/ROM_DATA.md:35
BN6 Cybeast Gregar (USA),89fe0bac4fd3d2ab1d2ca35e87ef8b1294a84cd6,rushfood_count_text,data,0x0809DFBC,,,,,,Rush's gaps: the RushFood count's text,docs/ROM_DATA.md:35 (Rush's gaps),"Verified: live in romlab on Central Area 2 and with its gap moved to comp map 0x8C:0 through the repointed literals; on a generated layer (seed 8, depth 2) A with RushFood ran the cutscene, Rush lay in the gap, MegaMan crossed both ways and took the island's data; without RushFood the edge held.",docs/ROM_DATA.md:35
BN6 Cybeast Gregar (USA),89fe0bac4fd3d2ab1d2ca35e87ef8b1294a84cd6,rush_gaps.table_literals_3,data,0x0809DFF0,,,,,,Rush's gaps: their table's literals,docs/ROM_DATA.md:35 (Rush's gaps),"Verified: live in romlab on Central Area 2 and with its gap moved to comp map 0x8C:0 through the repointed literals; on a generated layer (seed 8, depth 2) A with RushFood ran the cutscene, Rush lay in the gap, MegaMan crossed both ways and took the island's data; without RushFood the edge held.",docs/ROM_DATA.md:35
BN6 Cybeast Gregar (USA),89fe0bac4fd3d2ab1d2ca35e87ef8b1294a84cd6,BN6_TALK_PROBES,rom,0x0809F164,,,24,,,"the player's 8 facing probes (bn6f byte_809DC2C): s32 x, y, z offsets (16.16), u8 radius, u8 z reach, flags; 24 bytes each",docs/ROM_DATA.md:103 (Talking reach),"Verify: in Lan's room `0:place -16 -12 7`, a step up and A, BN6's line on the pajamas.",src/emu/bn6.h:251
BN6 Cybeast Gregar (USA),89fe0bac4fd3d2ab1d2ca35e87ef8b1294a84cd6,BN6_TALK_PROBE_Y,field,0x0809F168,BN6_TALK_PROBES,0x04,,,,"its y offset (s32, 16.16)",docs/ROM_DATA.md:103 (Talking reach),"Verify: in Lan's room `0:place -16 -12 7`, a step up and A, BN6's line on the pajamas.",src/emu/bn6.h:253
BN6 Cybeast Gregar (USA),89fe0bac4fd3d2ab1d2ca35e87ef8b1294a84cd6,BN6_TALK_PROBE_RADIUS,field,0x0809F170,BN6_TALK_PROBES,0x0C,,,,its radius (u8),docs/ROM_DATA.md:103 (Talking reach),"Verify: in Lan's room `0:place -16 -12 7`, a step up and A, BN6's line on the pajamas.",src/emu/bn6.h:254
BN6 Cybeast Gregar (USA),89fe0bac4fd3d2ab1d2ca35e87ef8b1294a84cd6,purple_mystery_data.literal,data,0x080A0614,,,,,,Purple Mystery Data and the Unlocker: the literal,docs/ROM_DATA.md:34 (Purple Mystery Data and the Unlocker),"Verify: a seed whose layer holds one (`CYBERWORLD_STATE_POS=map` marks it L), A on it says it is locked; with `--talk keys:FRAME` (an Unlocker by GiveItem) it asks, and Yes gives the chip.",docs/ROM_DATA.md:34
BN6 Cybeast Gregar (USA),89fe0bac4fd3d2ab1d2ca35e87ef8b1294a84cd6,palette_by_type,data,0x080A061C,,,,,,Purple Mystery Data and the Unlocker: the palette by type,docs/ROM_DATA.md:34 (Purple Mystery Data and the Unlocker),"Verify: a seed whose layer holds one (`CYBERWORLD_STATE_POS=map` marks it L), A on it says it is locked; with `--talk keys:FRAME` (an Unlocker by GiveItem) it asks, and Yes gives the chip.",docs/ROM_DATA.md:34
BN6 Cybeast Gregar (USA),89fe0bac4fd3d2ab1d2ca35e87ef8b1294a84cd6,BN6_MYSTERY_DATA,data,0x080A484C,,,,,,"InternetMysteryDataMapGroupEntries: (group, per-map lists), ends with 1",docs/ROM_DATA.md:28 (Map takeover),"Verify: `CYBERWORLD_AUTOPILOT=weak build.py shot --scene emu --seed 1 --setup short,0,0,0 --frames 32000`, home after each act, wins the Nest (the runlog's `run over at depth 10`).",src/emu/bn6.h:245
BN6 Cybeast Gregar (USA),89fe0bac4fd3d2ab1d2ca35e87ef8b1294a84cd6,map_object_table,rom,0x080A4F24,,,,,,Map objects,docs/ROM_DATA.md:29 (Lan's HP); docs/ROM_DATA.md:35 (Rush's gaps); docs/ROM_DATA.md:71 (Map objects); docs/ROM_DATA.md:82 (Props' map objects),"Verify: `--scene home --run-depth 7 --marks 08` shows two link markers lit beside the pink pad; MegaMan on the link up top warps to the other way's layer (""home: way 1 taken"" with `CYBERWORLD_EMU_DEBUG=1`), R asks BN6's ""MegaMan, jack out?"", and its yes sets Lan down at his PC.",docs/ROM_DATA.md:71
BN6 Cybeast Gregar (USA),89fe0bac4fd3d2ab1d2ca35e87ef8b1294a84cd6,rush_gaps.0xd6_priority,rom,0x080A5C87,,,,,,Rush's gaps: `0xD6`'s priority,docs/ROM_DATA.md:35 (Rush's gaps),"Verified: live in romlab on Central Area 2 and with its gap moved to comp map 0x8C:0 through the repointed literals; on a generated layer (seed 8, depth 2) A with RushFood ran the cutscene, Rush lay in the gap, MegaMan crossed both ways and took the island's data; without RushFood the edge held.",docs/ROM_DATA.md:35
BN6 Cybeast Gregar (USA),89fe0bac4fd3d2ab1d2ca35e87ef8b1294a84cd6,link_navi_obstacles,rom,0x080A6144,,,,,,Link Navi obstacles and security cubes,docs/ROM_DATA.md:37 (Link Navi obstacles and security cubes),"Verify: seed 6 at depth 2 in a comp (`--net-biome 8`): A at the cube names it and asks around, the teller eight panels on tells its code, then A at the cube enters it and it vanishes; seed 4 at depth 2 in Seaside (`--net-biome 1 --talk zenny:300`): the toll takes 200 of 10000 zenny, and with none MegaMan says so.",docs/ROM_DATA.md:37
BN6 Cybeast Gregar (USA),89fe0bac4fd3d2ab1d2ca35e87ef8b1294a84cd6,map_object_handler_3,rom,0x080A66A4,,,,,,Link Navi obstacles and security cubes: map-object handler 3,docs/ROM_DATA.md:37 (Link Navi obstacles and security cubes),"Verify: seed 6 at depth 2 in a comp (`--net-biome 8`): A at the cube names it and asks around, the teller eight panels on tells its code, then A at the cube enters it and it vanishes; seed 4 at depth 2 in Seaside (`--net-biome 1 --talk zenny:300`): the toll takes 200 of 10000 zenny, and with none MegaMan says so.",docs/ROM_DATA.md:37
BN6 Cybeast Gregar (USA),89fe0bac4fd3d2ab1d2ca35e87ef8b1294a84cd6,map_object_handler_3_records_literal,data,0x080A66D4,,,,,,"Link Navi obstacles and security cubes: map-object handler 3, its records' literal",docs/ROM_DATA.md:37 (Link Navi obstacles and security cubes),"Verify: seed 6 at depth 2 in a comp (`--net-biome 8`): A at the cube names it and asks around, the teller eight panels on tells its code, then A at the cube enters it and it vanishes; seed 4 at depth 2 in Seaside (`--net-biome 1 --talk zenny:300`): the toll takes 200 of 10000 zenny, and with none MegaMan says so.",docs/ROM_DATA.md:37
BN6 Cybeast Gregar (USA),89fe0bac4fd3d2ab1d2ca35e87ef8b1294a84cd6,rush_gaps,rom,0x080AB334,,,,,,Rush's gaps,docs/ROM_DATA.md:35 (Rush's gaps),"Verified: live in romlab on Central Area 2 and with its gap moved to comp map 0x8C:0 through the repointed literals; on a generated layer (seed 8, depth 2) A with RushFood ran the cutscene, Rush lay in the gap, MegaMan crossed both ways and took the island's data; without RushFood the edge held.",docs/ROM_DATA.md:35
BN6 Cybeast Gregar (USA),89fe0bac4fd3d2ab1d2ca35e87ef8b1294a84cd6,handler_0x25,rom,0x080AB404,,,,,,Rush's gaps: handler 0x25,docs/ROM_DATA.md:35 (Rush's gaps),"Verified: live in romlab on Central Area 2 and with its gap moved to comp map 0x8C:0 through the repointed literals; on a generated layer (seed 8, depth 2) A with RushFood ran the cutscene, Rush lay in the gap, MegaMan crossed both ways and took the island's data; without RushFood the edge held.",docs/ROM_DATA.md:35
BN6 Cybeast Gregar (USA),89fe0bac4fd3d2ab1d2ca35e87ef8b1294a84cd6,handler_0x25_records_literal,data,0x080AB42C,,,,,,"Rush's gaps: handler 0x25, its records' literal",docs/ROM_DATA.md:35 (Rush's gaps),"Verified: live in romlab on Central Area 2 and with its gap moved to comp map 0x8C:0 through the repointed literals; on a generated layer (seed 8, depth 2) A with RushFood ran the cutscene, Rush lay in the gap, MegaMan crossed both ways and took the island's data; without RushFood the edge held.",docs/ROM_DATA.md:35
BN6 Cybeast Gregar (USA),89fe0bac4fd3d2ab1d2ca35e87ef8b1294a84cd6,encounter_roll,rom,0x080ABD30,,,,,,Encounter roll,docs/ROM_DATA.md:23 (Encounter roll),"Verify with an autopilot run: its random and guardian battles, and its log, as before.",docs/ROM_DATA.md:23
BN6 Cybeast Gregar (USA),89fe0bac4fd3d2ab1d2ca35e87ef8b1294a84cd6,BN6_REWARD_PICK,code,0x080AC180,,,,,,"bn6f sub_80AA910 (Falzar + 0x1870), as a battle ends: r0 the enemies' u16 ids, r1 their count",docs/ROM_DATA.md:24 (Battle events by hook),Verify: an autopilot run's log is the same as before.,src/emu/bn6.h:308
BN6 Cybeast Gregar (USA),89fe0bac4fd3d2ab1d2ca35e87ef8b1294a84cd6,BN6_DROP_ROWS,data,0x080AC718,,,,,,"each enemy id's reward row in ROM, 20 u16 entries (docs/ROM_DATA.md)",docs/ROM_DATA.md:96 (Battle rewards),"Found in romlab from the results screen's reward back to the chooser; verify: two Mettaurs at Busting S give Rflectr1 A, and with their row's chip entries recoded to P in the core's copy, the results screen and the pack show Rflectr1 P.",src/emu/bn6.h:18
BN6 Cybeast Gregar (USA),89fe0bac4fd3d2ab1d2ca35e87ef8b1294a84cd6,story_battle_records,data,0x080B06E0,,,,,,The super bosses: story battle records,docs/ROM_DATA.md:127 (The super bosses),"Verify: `--scene emu --run-depth 19 --seed 7 --dev god,hp=800` meets Gregar at 2500 HP in the endless Nest; `--run-depth 8 --marks 08 --dev side=2` Bass at 1800 in the Secret Area, `bass=1` Bass SP, `bass=2,beast=1` Bass BX.",docs/ROM_DATA.md:127
BN6 Cybeast Gregar (USA),89fe0bac4fd3d2ab1d2ca35e87ef8b1294a84cd6,time_freeze_object,rom,0x080EA908,,,,,,"BN6's own DarkChips: DrkSword, DarkThnd, DrkRecov, DarkInvs, DarkPlus","docs/ROM_DATA.md:61 (BN6's own DarkChips: DrkSword, DarkThnd, DrkRecov, DarkInvs, DarkPlus)","Verify, as seen headless with a throwaway hook (not committed) that wrote the folder in code * and marked it owned as own_folder_chips does, set the BugFrags through GiveBugfrags or TakeBugfrags and raised the battle's enemies to 2000 HP (`--seed 13`, its first battle a Mettaur): with 5 BugFrags DrkSword dealt 400 in a magenta crescent (a Mettaur two columns ahead and a row down deleted, a Starfish three columns ahead untouched), the BugFrags 5 to 4 at the use, save and battle's copy alike, the HP bug 2; DarkThnd 200, a purple Thunder ball, the Mettaur paralysed, the HP bug 1; DrkRecov 50 to 1050 of 2000 HP, the HP bug 7, then 1 HP each 10 frames; DarkInvs a time freeze named DarkInvs, then 480 frames of MegaMan as a green phantom slashing and firing his held Cannon on his own, LEFT held for 200 frames not keeping him in the back column, untouched by the Mettaur's shockwaves; DarkPlus after a Cannon left the HUD at ""Cannon 40"" with two chip icons and dealt 40 (Atk+10 in its place: ""Cannon 40+10""), and alone made a puff, took a BugFrag and gave the HP bug 4.",docs/ROM_DATA.md:61
BN6 Cybeast Gregar (USA),89fe0bac4fd3d2ab1d2ca35e87ef8b1294a84cd6,time_freeze_dark_invis,rom,0x080EAAC4,,,,,,"BN6's own DarkChips: DrkSword, DarkThnd, DrkRecov, DarkInvs, DarkPlus","docs/ROM_DATA.md:61 (BN6's own DarkChips: DrkSword, DarkThnd, DrkRecov, DarkInvs, DarkPlus)","Verify, as seen headless with a throwaway hook (not committed) that wrote the folder in code * and marked it owned as own_folder_chips does, set the BugFrags through GiveBugfrags or TakeBugfrags and raised the battle's enemies to 2000 HP (`--seed 13`, its first battle a Mettaur): with 5 BugFrags DrkSword dealt 400 in a magenta crescent (a Mettaur two columns ahead and a row down deleted, a Starfish three columns ahead untouched), the BugFrags 5 to 4 at the use, save and battle's copy alike, the HP bug 2; DarkThnd 200, a purple Thunder ball, the Mettaur paralysed, the HP bug 1; DrkRecov 50 to 1050 of 2000 HP, the HP bug 7, then 1 HP each 10 frames; DarkInvs a time freeze named DarkInvs, then 480 frames of MegaMan as a green phantom slashing and firing his held Cannon on his own, LEFT held for 200 frames not keeping him in the back column, untouched by the Mettaur's shockwaves; DarkPlus after a Cannon left the HUD at ""Cannon 40"" with two chip icons and dealt 40 (Atk+10 in its place: ""Cannon 40+10""), and alone made a puff, took a BugFrag and gave the HP bug 4.",docs/ROM_DATA.md:61
BN6 Cybeast Gregar (USA),89fe0bac4fd3d2ab1d2ca35e87ef8b1294a84cd6,attack_families_routines,rom,0x080EBFA0,,,,,,"BN6's own DarkChips: DrkSword, DarkThnd, DrkRecov, DarkInvs, DarkPlus: the attack families' routines","docs/ROM_DATA.md:61 (BN6's own DarkChips: DrkSword, DarkThnd, DrkRecov, DarkInvs, DarkPlus)","Verify, as seen headless with a throwaway hook (not committed) that wrote the folder in code * and marked it owned as own_folder_chips does, set the BugFrags through GiveBugfrags or TakeBugfrags and raised the battle's enemies to 2000 HP (`--seed 13`, its first battle a Mettaur): with 5 BugFrags DrkSword dealt 400 in a magenta crescent (a Mettaur two columns ahead and a row down deleted, a Starfish three columns ahead untouched), the BugFrags 5 to 4 at the use, save and battle's copy alike, the HP bug 2; DarkThnd 200, a purple Thunder ball, the Mettaur paralysed, the HP bug 1; DrkRecov 50 to 1050 of 2000 HP, the HP bug 7, then 1 HP each 10 frames; DarkInvs a time freeze named DarkInvs, then 480 frames of MegaMan as a green phantom slashing and firing his held Cannon on his own, LEFT held for 200 frames not keeping him in the back column, untouched by the Mettaur's shockwaves; DarkPlus after a Cannon left the HUD at ""Cannon 40"" with two chip icons and dealt 40 (Atk+10 in its place: ""Cannon 40+10""), and alone made a puff, took a BugFrag and gave the HP bug 4.",docs/ROM_DATA.md:61
BN6 Cybeast Gregar (USA),89fe0bac4fd3d2ab1d2ca35e87ef8b1294a84cd6,sword_areas,rom,0x080ECD58,,,,,,"BN6's own DarkChips: DrkSword, DarkThnd, DrkRecov, DarkInvs, DarkPlus: the sword areas","docs/ROM_DATA.md:61 (BN6's own DarkChips: DrkSword, DarkThnd, DrkRecov, DarkInvs, DarkPlus)","Verify, as seen headless with a throwaway hook (not committed) that wrote the folder in code * and marked it owned as own_folder_chips does, set the BugFrags through GiveBugfrags or TakeBugfrags and raised the battle's enemies to 2000 HP (`--seed 13`, its first battle a Mettaur): with 5 BugFrags DrkSword dealt 400 in a magenta crescent (a Mettaur two columns ahead and a row down deleted, a Starfish three columns ahead untouched), the BugFrags 5 to 4 at the use, save and battle's copy alike, the HP bug 2; DarkThnd 200, a purple Thunder ball, the Mettaur paralysed, the HP bug 1; DrkRecov 50 to 1050 of 2000 HP, the HP bug 7, then 1 HP each 10 frames; DarkInvs a time freeze named DarkInvs, then 480 frames of MegaMan as a green phantom slashing and firing his held Cannon on his own, LEFT held for 200 frames not keeping him in the back column, untouched by the Mettaur's shockwaves; DarkPlus after a Cannon left the HUD at ""Cannon 40"" with two chip icons and dealt 40 (Atk+10 in its place: ""Cannon 40+10""), and alone made a puff, took a BugFrag and gave the HP bug 4.",docs/ROM_DATA.md:61
BN6 Cybeast Gregar (USA),89fe0bac4fd3d2ab1d2ca35e87ef8b1294a84cd6,BN6_RECOVERY_AMOUNTS,rom,0x080EDBB0,,,,,,"u16 by a recovery chip's subfamily: 10, 30 .. 300, 1000 (DrkRecov's, the ninth)","docs/ROM_DATA.md:61 (BN6's own DarkChips: DrkSword, DarkThnd, DrkRecov, DarkInvs, DarkPlus); docs/ROM_DATA.md:62 (BN6's own DarkChips in a run)","Verify, as seen headless with a throwaway hook (not committed) that wrote the folder in code * and marked it owned as own_folder_chips does, set the BugFrags through GiveBugfrags or TakeBugfrags and raised the battle's enemies to 2000 HP (`--seed 13`, its first battle a Mettaur): with 5 BugFrags DrkSword dealt 400 in a magenta crescent (a Mettaur two columns ahead and a row down deleted, a Starfish three columns ahead untouched), the BugFrags 5 to 4 at the use, save and battle's copy alike, the HP bug 2; DarkThnd 200, a purple Thunder ball, the Mettaur paralysed, the HP bug 1; DrkRecov 50 to 1050 of 2000 HP, the HP bug 7, then 1 HP each 10 frames; DarkInvs a time freeze named DarkInvs, then 480 frames of MegaMan as a green phantom slashing and firing his held Cannon on his own, LEFT held for 200 frames not keeping him in the back column, untouched by the Mettaur's shockwaves; DarkPlus after a Cannon left the HUD at ""Cannon 40"" with two chip icons and dealt 40 (Atk+10 in its place: ""Cannon 40+10""), and alone made a puff, took a BugFrag and gave the HP bug 4.",src/emu/bn6.h:339
BN6 Cybeast Gregar (USA),89fe0bac4fd3d2ab1d2ca35e87ef8b1294a84cd6,dark_frame,rom,0x0811AB06,,,,,,"BN6's own DarkChips: DrkSword, DarkThnd, DrkRecov, DarkInvs, DarkPlus: the dark frame","docs/ROM_DATA.md:61 (BN6's own DarkChips: DrkSword, DarkThnd, DrkRecov, DarkInvs, DarkPlus)","Verify, as seen headless with a throwaway hook (not committed) that wrote the folder in code * and marked it owned as own_folder_chips does, set the BugFrags through GiveBugfrags or TakeBugfrags and raised the battle's enemies to 2000 HP (`--seed 13`, its first battle a Mettaur): with 5 BugFrags DrkSword dealt 400 in a magenta crescent (a Mettaur two columns ahead and a row down deleted, a Starfish three columns ahead untouched), the BugFrags 5 to 4 at the use, save and battle's copy alike, the HP bug 2; DarkThnd 200, a purple Thunder ball, the Mettaur paralysed, the HP bug 1; DrkRecov 50 to 1050 of 2000 HP, the HP bug 7, then 1 HP each 10 frames; DarkInvs a time freeze named DarkInvs, then 480 frames of MegaMan as a green phantom slashing and firing his held Cannon on his own, LEFT held for 200 frames not keeping him in the back column, untouched by the Mettaur's shockwaves; DarkPlus after a Cannon left the HUD at ""Cannon 40"" with two chip icons and dealt 40 (Atk+10 in its place: ""Cannon 40+10""), and alone made a puff, took a BugFrag and gave the HP bug 4.",docs/ROM_DATA.md:61
BN6 Cybeast Gregar (USA),89fe0bac4fd3d2ab1d2ca35e87ef8b1294a84cd6,BN6_PET_INPUT_PTR,data,0x08120B1C,,,,,,the state table's pointer to its input handler,docs/ROM_DATA.md:87 (The PET menu),"Verify: in a run, the PET shows Save lit and Comm grey; A on Comm buzzes, A on Save closes the PET and ""Run saved"" shows.",src/emu/bn6.h:192
BN6 Cybeast Gregar (USA),89fe0bac4fd3d2ab1d2ca35e87ef8b1294a84cd6,BN6_PET_INPUT,code,0x08120B91,,,,,,that handler (Thumb),,,src/emu/bn6.h:193
BN6 Cybeast Gregar (USA),89fe0bac4fd3d2ab1d2ca35e87ef8b1294a84cd6,BN6_PET_MAP_NAMES_PTR,data,0x08120E9C,,,,,,the PET's PLACE line's literal: the same archive,docs/ROM_DATA.md:104 (Map-name label),,src/emu/bn6.h:259
BN6 Cybeast Gregar (USA),89fe0bac4fd3d2ab1d2ca35e87ef8b1294a84cd6,BN6_PET_GREY_SAVE,rom,0x08120F26,,,,,,the grey's store to Save's colour,docs/ROM_DATA.md:87 (The PET menu),"Verify: in a run, the PET shows Save lit and Comm grey; A on Comm buzzes, A on Save closes the PET and ""Run saved"" shows.",src/emu/bn6.h:194
BN6 Cybeast Gregar (USA),89fe0bac4fd3d2ab1d2ca35e87ef8b1294a84cd6,pack_list,data,0x08121C8C,,,,,,"BN6's own DarkChips: DrkSword, DarkThnd, DrkRecov, DarkInvs, DarkPlus: the pack's list","docs/ROM_DATA.md:61 (BN6's own DarkChips: DrkSword, DarkThnd, DrkRecov, DarkInvs, DarkPlus)","Verify, as seen headless with a throwaway hook (not committed) that wrote the folder in code * and marked it owned as own_folder_chips does, set the BugFrags through GiveBugfrags or TakeBugfrags and raised the battle's enemies to 2000 HP (`--seed 13`, its first battle a Mettaur): with 5 BugFrags DrkSword dealt 400 in a magenta crescent (a Mettaur two columns ahead and a row down deleted, a Starfish three columns ahead untouched), the BugFrags 5 to 4 at the use, save and battle's copy alike, the HP bug 2; DarkThnd 200, a purple Thunder ball, the Mettaur paralysed, the HP bug 1; DrkRecov 50 to 1050 of 2000 HP, the HP bug 7, then 1 HP each 10 frames; DarkInvs a time freeze named DarkInvs, then 480 frames of MegaMan as a green phantom slashing and firing his held Cannon on his own, LEFT held for 200 frames not keeping him in the back column, untouched by the Mettaur's shockwaves; DarkPlus after a Cannon left the HUD at ""Cannon 40"" with two chip icons and dealt 40 (Atk+10 in its place: ""Cannon 40+10""), and alone made a puff, took a BugFrag and gave the HP bug 4.",docs/ROM_DATA.md:61
BN6 Cybeast Gregar (USA),89fe0bac4fd3d2ab1d2ca35e87ef8b1294a84cd6,BN6_KEY_NAMES_PTRS.2,data,0x081265FC,,,,,,"the literals that point at it: the KeyItem screen's, the text scripts', the shop's, SubChip's",docs/ROM_DATA.md:88 (The PET's KeyItem and E-Mail words),"Verify: in a run, KeyItem lists NaviCode and LibCard with their words, and E-Mail a mail from Dad per guardian met, its body the guardian's warning.",src/emu/bn6.h:200
BN6 Cybeast Gregar (USA),89fe0bac4fd3d2ab1d2ca35e87ef8b1294a84cd6,BN6_MAIL_TEXT_PTR,data,0x08129E90,,,,,,the literal they are read through,docs/ROM_DATA.md:88 (The PET's KeyItem and E-Mail words),"Verify: in a run, KeyItem lists NaviCode and LibCard with their words, and E-Mail a mail from Dad per guardian met, its body the guardian's warning.",src/emu/bn6.h:209
BN6 Cybeast Gregar (USA),89fe0bac4fd3d2ab1d2ca35e87ef8b1294a84cd6,BN6_MAIL_BODY_PTR,data,0x0812A12C,,,,,,the literal they are read through,docs/ROM_DATA.md:88 (The PET's KeyItem and E-Mail words),"Verify: in a run, KeyItem lists NaviCode and LibCard with their words, and E-Mail a mail from Dad per guardian met, its body the guardian's warning.",src/emu/bn6.h:212
BN6 Cybeast Gregar (USA),89fe0bac4fd3d2ab1d2ca35e87ef8b1294a84cd6,BN6_MAIL_TABLE,data,0x0812A2F8,,,,,,"a row of 4 bytes a mail: its icon (bit 7 Lan's HP), its places in the sorts",docs/ROM_DATA.md:88 (The PET's KeyItem and E-Mail words),"Verify: in a run, KeyItem lists NaviCode and LibCard with their words, and E-Mail a mail from Dad per guardian met, its body the guardian's warning.",src/emu/bn6.h:214
BN6 Cybeast Gregar (USA),89fe0bac4fd3d2ab1d2ca35e87ef8b1294a84cd6,BN6_KEY_NAMES_PTRS.3,data,0x0812A870,,,,,,"the literals that point at it: the KeyItem screen's, the text scripts', the shop's, SubChip's",docs/ROM_DATA.md:88 (The PET's KeyItem and E-Mail words),"Verify: in a run, KeyItem lists NaviCode and LibCard with their words, and E-Mail a mail from Dad per guardian met, its body the guardian's warning.",src/emu/bn6.h:200
BN6 Cybeast Gregar (USA),89fe0bac4fd3d2ab1d2ca35e87ef8b1294a84cd6,BN6_KEY_DESC_PTR,data,0x0812A9C4,,,,,,the literal the screen runs them through,docs/ROM_DATA.md:88 (The PET's KeyItem and E-Mail words),"Verify: in a run, KeyItem lists NaviCode and LibCard with their words, and E-Mail a mail from Dad per guardian met, its body the guardian's warning.",src/emu/bn6.h:202
BN6 Cybeast Gregar (USA),89fe0bac4fd3d2ab1d2ca35e87ef8b1294a84cd6,folder_editor_limits,rom,0x08136E5C,,,,,,"BN6's own DarkChips: DrkSword, DarkThnd, DrkRecov, DarkInvs, DarkPlus: the folder editor's limits","docs/ROM_DATA.md:61 (BN6's own DarkChips: DrkSword, DarkThnd, DrkRecov, DarkInvs, DarkPlus)","Verify, as seen headless with a throwaway hook (not committed) that wrote the folder in code * and marked it owned as own_folder_chips does, set the BugFrags through GiveBugfrags or TakeBugfrags and raised the battle's enemies to 2000 HP (`--seed 13`, its first battle a Mettaur): with 5 BugFrags DrkSword dealt 400 in a magenta crescent (a Mettaur two columns ahead and a row down deleted, a Starfish three columns ahead untouched), the BugFrags 5 to 4 at the use, save and battle's copy alike, the HP bug 2; DarkThnd 200, a purple Thunder ball, the Mettaur paralysed, the HP bug 1; DrkRecov 50 to 1050 of 2000 HP, the HP bug 7, then 1 HP each 10 frames; DarkInvs a time freeze named DarkInvs, then 480 frames of MegaMan as a green phantom slashing and firing his held Cannon on his own, LEFT held for 200 frames not keeping him in the back column, untouched by the Mettaur's shockwaves; DarkPlus after a Cannon left the HUD at ""Cannon 40"" with two chip icons and dealt 40 (Atk+10 in its place: ""Cannon 40+10""), and alone made a puff, took a BugFrag and gave the HP bug 4.",docs/ROM_DATA.md:61
BN6 Cybeast Gregar (USA),89fe0bac4fd3d2ab1d2ca35e87ef8b1294a84cd6,RomLayout.navicust_programs,data,0x0813B22C,,,,,,NaviCust program records: 16 bytes per colour variant (docs/ROM_DATA.md),docs/ROM_DATA.md:109 (NaviCust),"Checked against the NaviCust screen: SuprArmr and Custom1 cannot share the 4x4 board without a bug (a playtester's, and `navicust_pack`), and share the 5x4.",src/core/rom.c:29
BN6 Cybeast Gregar (USA),89fe0bac4fd3d2ab1d2ca35e87ef8b1294a84cd6,RomLayout.navicust_codes,rom,0x0813D302,,,,,,NaviCust compression codes: ten buttons a program (docs/ROM_DATA.md),docs/ROM_DATA.md:114 (NaviCust compression codes),"Verify: Custom1's row spells L B B R B A A L R R; held RIGHT on Custom1 in the NaviCust's list, those ten buttons draw its four-block shape.",src/core/rom.c:30
BN6 Cybeast Gregar (USA),89fe0bac4fd3d2ab1d2ca35e87ef8b1294a84cd6,shape_lookup,rom,0x0813D580,,,,,,NaviCust compression: the shape lookup,docs/ROM_DATA.md:111 (NaviCust compression),"Verify: with Custom1 in the PET, `play.py` dev step `flags 9832 9835 1` (0x2668-0x266B; the step reaches every flag of eEventFlags' 1448 bytes, `BN6_EVENT_FLAG_BYTES`, bn6f's ewram.s) draws it in its four-block shape on the NaviCust screen; with it placed and SuperArmor's flags 0x2664-0x2667 set too, MegaMan says SuperArmor needs a program moved, where uncompressed it would not fit the 4x4 board at all.",docs/ROM_DATA.md:111
BN6 Cybeast Gregar (USA),89fe0bac4fd3d2ab1d2ca35e87ef8b1294a84cd6,shape_lookup_flag_literal,data,0x0813D5C8,,,,,,"NaviCust compression: the shape lookup, its flag literal",docs/ROM_DATA.md:111 (NaviCust compression),"Verify: with Custom1 in the PET, `play.py` dev step `flags 9832 9835 1` (0x2668-0x266B; the step reaches every flag of eEventFlags' 1448 bytes, `BN6_EVENT_FLAG_BYTES`, bn6f's ewram.s) draws it in its four-block shape on the NaviCust screen; with it placed and SuperArmor's flags 0x2664-0x2667 set too, MegaMan says SuperArmor needs a program moved, where uncompressed it would not fit the 4x4 board at all.",docs/ROM_DATA.md:111
BN6 Cybeast Gregar (USA),89fe0bac4fd3d2ab1d2ca35e87ef8b1294a84cd6,pointer_to_it,data,0x0813E178,,,,,,NaviCust compression codes: pointer to it,docs/ROM_DATA.md:114 (NaviCust compression codes),"Verify: Custom1's row spells L B B R B A A L R R; held RIGHT on Custom1 in the NaviCust's list, those ten buttons draw its four-block shape.",docs/ROM_DATA.md:114
BN6 Cybeast Gregar (USA),89fe0bac4fd3d2ab1d2ca35e87ef8b1294a84cd6,BN6_BBS_ARCHIVES,data,0x0813FE2C,,,,,,"the BBS's text archives (bn6f off_813E04C), 12 words; the fourth, LZ77 (Falzar's CompText87E9578),",docs/ROM_DATA.md:62 (BN6's own DarkChips in a run),,src/emu/bn6.h:340
BN6 Cybeast Gregar (USA),89fe0bac4fd3d2ab1d2ca35e87ef8b1294a84cd6,mp2k_player_table,data,0x08159DC8,,,,,,MP2K player table,docs/ROM_DATA.md:119 (MP2K player table),,docs/ROM_DATA.md:119
BN6 Cybeast Gregar (USA),89fe0bac4fd3d2ab1d2ca35e87ef8b1294a84cd6,RomLayout.song_table,data,0x08159F48,,,,,,"MP2K songs: (header, player, player)",docs/ROM_DATA.md:118 (MP2K song table),"Verify: the entries' headers, their first byte (tracks) 0.",src/core/rom.c:61
BN6 Cybeast Gregar (USA),89fe0bac4fd3d2ab1d2ca35e87ef8b1294a84cd6,bn6_own_darkchips,rom,0x084B9B54,,,,,,BN6's own DarkChips in a run,docs/ROM_DATA.md:62 (BN6's own DarkChips in a run),,docs/ROM_DATA.md:62
BN6 Cybeast Gregar (USA),89fe0bac4fd3d2ab1d2ca35e87ef8b1294a84cd6,surface_areas_tile_set,rom,0x085D0FC4,,,,,,Teleports and the pads' centrepieces: in the surface areas' tile set,docs/ROM_DATA.md:36 (Teleports and the pads' centrepieces),Verify: seed 12 at depth 2 in Green Area (`--net-biome 3`): stepping on the gem by the way beams MegaMan to the island's gem and back.,docs/ROM_DATA.md:36
BN6 Cybeast Gregar (USA),89fe0bac4fd3d2ab1d2ca35e87ef8b1294a84cd6,RomLayout.title.arrow,data,0x086A280C,,,,,,menu cursor: 3 frames of 16x16,,,src/core/rom.c:39
BN6 Cybeast Gregar (USA),89fe0bac4fd3d2ab1d2ca35e87ef8b1294a84cd6,RomLayout.title.arrow_pal,data,0x086A344C,,,,,,menu cursor: 3 frames of 16x16,,,src/core/rom.c:39
BN6 Cybeast Gregar (USA),89fe0bac4fd3d2ab1d2ca35e87ef8b1294a84cd6,BN6_CHAT_FONT,data,0x086AACAC,,,,,,"the chat box's font: 16x12 4bpp glyphs, 0x60 bytes per character code ... its widths in pixels, a byte per code",docs/ROM_DATA.md:102 (Chat font),"Verify: code 0x0F is an `E` whose top row reads `0x11`, and its width byte is 8.",src/emu/bn6.h:249
BN6 Cybeast Gregar (USA),89fe0bac4fd3d2ab1d2ca35e87ef8b1294a84cd6,font,rom,0x086B5A2C,,,,,,Font,docs/ROM_DATA.md:18 (Font),,docs/ROM_DATA.md:18
BN6 Cybeast Gregar (USA),89fe0bac4fd3d2ab1d2ca35e87ef8b1294a84cd6,BN6_TRADER_TEXT,rom,0x086C3758,,,,,,"TextScriptChipTrader: 0 Chip Trader, 6 Special, 12 BugFrag Trader",docs/ROM_DATA.md:40 (Chip Traders); docs/ROM_DATA.md:122 (The second screen's shops and traders),"Verify by dumping a pool's first records beside the chips' own codes at `chip_data` (the same bytes), by `CYBERWORLD_EMU_DEBUG`'s ""trader: N of M chips"" line (74 of 108 for the Standard folder at a depth-8 trader), and by trading at a layer's trader (there: Roll *, TrnArrw1 A, M-Cannon S).",src/emu/bn6.h:266
BN6 Cybeast Gregar (USA),89fe0bac4fd3d2ab1d2ca35e87ef8b1294a84cd6,map_name_texts,rom,0x086C92AC,,,,,,Map-name label,docs/ROM_DATA.md:104 (Map-name label),,docs/ROM_DATA.md:104
BN6 Cybeast Gregar (USA),89fe0bac4fd3d2ab1d2ca35e87ef8b1294a84cd6,BN6_MAIL_BODIES,rom,0x086CE598,,,,,,"the bodies (script n), LZ77",docs/ROM_DATA.md:88 (The PET's KeyItem and E-Mail words),"Verify: in a run, KeyItem lists NaviCode and LibCard with their words, and E-Mail a mail from Dad per guardian met, its body the guardian's warning.",src/emu/bn6.h:211
BN6 Cybeast Gregar (USA),89fe0bac4fd3d2ab1d2ca35e87ef8b1294a84cd6,BN6_MAIL_TEXT,rom,0x086D10D8,,,,,,"the senders (script 2n) and subjects (2n + 1), LZ77",docs/ROM_DATA.md:88 (The PET's KeyItem and E-Mail words),"Verify: in a run, KeyItem lists NaviCode and LibCard with their words, and E-Mail a mail from Dad per guardian met, its body the guardian's warning.",src/emu/bn6.h:208
BN6 Cybeast Gregar (USA),89fe0bac4fd3d2ab1d2ca35e87ef8b1294a84cd6,RomLayout.element_icons,data,0x086E1B20,,,,,,"16x16 element icons, 2x2 tiles each, by a record's BN6_CHIP_ELEMENT",docs/ROM_DATA.md:121 (The second screen's chip pictures),Verify by drawing a record's icon with `chip_icon_pal` and its element's with `element_icon_pal`: as the folder editor's list shows them.,src/core/rom.c:34
BN6 Cybeast Gregar (USA),89fe0bac4fd3d2ab1d2ca35e87ef8b1294a84cd6,RomLayout.element_icon_pal,data,0x086E2360,,,,,,... their palette,docs/ROM_DATA.md:121 (The second screen's chip pictures),Verify by drawing a record's icon with `chip_icon_pal` and its element's with `element_icon_pal`: as the folder editor's list shows them.,src/core/rom.c:35
BN6 Cybeast Gregar (USA),89fe0bac4fd3d2ab1d2ca35e87ef8b1294a84cd6,RomLayout.chip_names.0,data,0x086E88D0,,,,,,"text archives: ids 0-255, 256+",docs/ROM_DATA.md:15 (Chip names),"Text archives found by encoding ""Cannon"" with the game's character table; pointers in code reference both.",src/core/rom.c:23
BN6 Cybeast Gregar (USA),89fe0bac4fd3d2ab1d2ca35e87ef8b1294a84cd6,RomLayout.chip_names.1,data,0x086E92D8,,,,,,"text archives: ids 0-255, 256+",docs/ROM_DATA.md:15 (Chip names),"Text archives found by encoding ""Cannon"" with the game's character table; pointers in code reference both.",src/core/rom.c:23
BN6 Cybeast Gregar (USA),89fe0bac4fd3d2ab1d2ca35e87ef8b1294a84cd6,RomLayout.chip_descs.0,rom,0x086E983C,,,,,,"... and their descriptions, three short lines each",docs/ROM_DATA.md:16 (Chip descriptions),"Verify: script 1 of the first reads ""Cannon to / attack / 1 enemy"", script 0 of the second ""Attk ahd. / Suck in & / shoot out"" as in the disassembly.",src/core/rom.c:24
BN6 Cybeast Gregar (USA),89fe0bac4fd3d2ab1d2ca35e87ef8b1294a84cd6,RomLayout.chip_descs.1,rom,0x086EC050,,,,,,"... and their descriptions, three short lines each",docs/ROM_DATA.md:16 (Chip descriptions),"Verify: script 1 of the first reads ""Cannon to / attack / 1 enemy"", script 0 of the second ""Attk ahd. / Suck in & / shoot out"" as in the disassembly.",src/core/rom.c:24
BN6 Cybeast Gregar (USA),89fe0bac4fd3d2ab1d2ca35e87ef8b1294a84cd6,RomLayout.enemy_names.0,data,0x086EE400,,,,,,"text archives: the viruses' names by BN6_T1_NAME_ID, the Navis' past 0xFF",docs/ROM_DATA.md:124 (The second screen's battle),"Verified on 5 October 2026 in battles played through `tools/play.py` with `CYBERWORLD_WATCH` on each: Sword and Atk+10 taken, the hand read `0x47`, power `0x50` and bonus `0x0A` as the HUD showed ""Sword 80+10""; UP opened CROSSSELECT (`0x4C`, then `0x54`) and B shut it (`0x50`, then `0x04`); with HeatCross, ElecCross and SlashCross the row ran 0-2 over HEAT, ELEC and SLASH; with ElecCross's flag off HEAT and SLASH stood at rows 0 and 1; with MegaMan in HeatCross, SLASH alone at row 0.",src/core/rom.c:36
BN6 Cybeast Gregar (USA),89fe0bac4fd3d2ab1d2ca35e87ef8b1294a84cd6,RomLayout.enemy_names.1,data,0x086EED00,,,,,,"text archives: the viruses' names by BN6_T1_NAME_ID, the Navis' past 0xFF",docs/ROM_DATA.md:124 (The second screen's battle),"Verified on 5 October 2026 in battles played through `tools/play.py` with `CYBERWORLD_WATCH` on each: Sword and Atk+10 taken, the hand read `0x47`, power `0x50` and bonus `0x0A` as the HUD showed ""Sword 80+10""; UP opened CROSSSELECT (`0x4C`, then `0x54`) and B shut it (`0x50`, then `0x04`); with HeatCross, ElecCross and SlashCross the row ran 0-2 over HEAT, ELEC and SLASH; with ElecCross's flag off HEAT and SLASH stood at rows 0 and 1; with MegaMan in HeatCross, SLASH alone at row 0.",src/core/rom.c:36
BN6 Cybeast Gregar (USA),89fe0bac4fd3d2ab1d2ca35e87ef8b1294a84cd6,RomLayout.chip_icon_pal,data,0x0872AED0,,,,,,the chips' icons' palette (their tiles: each record's BN6_CHIP_ICON_PTR),docs/ROM_DATA.md:121 (The second screen's chip pictures),Verify by drawing a record's icon with `chip_icon_pal` and its element's with `element_icon_pal`: as the folder editor's list shows them.,src/core/rom.c:33
BN6 Cybeast Gregar (USA),89fe0bac4fd3d2ab1d2ca35e87ef8b1294a84cd6,mystery_data_text_archive,data,0x0873B044,,,,,,Purple Mystery Data and the Unlocker: the Mystery Data text archive,docs/ROM_DATA.md:34 (Purple Mystery Data and the Unlocker),"Verify: a seed whose layer holds one (`CYBERWORLD_STATE_POS=map` marks it L), A on it says it is locked; with `--talk keys:FRAME` (an Unlocker by GiveItem) it asks, and Yes gives the chip.",docs/ROM_DATA.md:34
BN6 Cybeast Gregar (USA),89fe0bac4fd3d2ab1d2ca35e87ef8b1294a84cd6,BN6_KEY_NAMES,data,0x0873B938,,,,,,"the key items' names: an archive, uncompressed, an entry per id",docs/ROM_DATA.md:88 (The PET's KeyItem and E-Mail words); docs/ROM_DATA.md:122 (The second screen's shops and traders),"Verify: in a run, KeyItem lists NaviCode and LibCard with their words, and E-Mail a mail from Dad per guardian met, its body the guardian's warning.",src/emu/bn6.h:199
BN6 Cybeast Gregar (USA),89fe0bac4fd3d2ab1d2ca35e87ef8b1294a84cd6,BN6_KEY_DESCS,data,0x0873BD88,,,,,,their descriptions' archive (LZ77),docs/ROM_DATA.md:88 (The PET's KeyItem and E-Mail words),"Verify: in a run, KeyItem lists NaviCode and LibCard with their words, and E-Mail a mail from Dad per guardian met, its body the guardian's warning.",src/emu/bn6.h:201
BN6 Cybeast Gregar (USA),89fe0bac4fd3d2ab1d2ca35e87ef8b1294a84cd6,RomLayout.navicust_names,data,0x0873C98C,,,,,,"text archive: the NaviCust programs' names, entry n program n (the text command FA 00 n 05's)",docs/ROM_DATA.md:123 (The second screen's NaviCustomizer),"Verified on 5 October 2026 in a run through `tools/play.py` with `--dev programs=8` and the memory watched: DOWN moved +0x20, and +0x24 past the fourth row; A took Custom1 up (+0x02 `0x10`, then `0x14`) and A placed it (`0x04`; the placed list's first entry `0x08` at column 3, row 2; the list lost its entry); LEFT went to the board (`0x08`), A on a placed program offered move and remove (`0x1C`), and move held it (`0x20`, `0x24`), its entry back in the list.",src/core/rom.c:37
BN6 Cybeast Gregar (USA),89fe0bac4fd3d2ab1d2ca35e87ef8b1294a84cd6,bbs_text_archives_fourth,data,0x087E84CC,,,,,,"BN6's own DarkChips in a run: the BBS's text archives, its fourth",docs/ROM_DATA.md:62 (BN6's own DarkChips in a run),,docs/ROM_DATA.md:62
BN6 Cybeast Gregar (USA),89fe0bac4fd3d2ab1d2ca35e87ef8b1294a84cd6,BN6_VENDOR_FACE,data,0x087F046A,,,,,,"shop 3's keeper text (LZ77 at 0x087F0420): the literal face byte of its first F5 00, which its other six copy (0x42)",docs/ROM_DATA.md:43 (Shops),"Verify: decompress the text with and without the byte changed: exactly seven bytes differ, each a face; a program shop's window then shows the face its chat does.",src/emu/bn6.h:262
BN6 Cybeast Gregar (USA),89fe0bac4fd3d2ab1d2ca35e87ef8b1294a84cd6,order_service_keeper_text,data,0x087F0FE8,,,,,,Home's shops: the Order Service's keeper text,docs/ROM_DATA.md:33 (Home's shops),"Verify: `--scene town --dev zenny=8000`, at AsterLand's register the clerk's list with Cannon A at 1000 zenny; ordered, ""I bought ""Cannon A""!"", 7000 zenny, and his ""That's your order for today!"" after; the seller beside him: MiniEnrg, FullEnrg, SneakRun, Untrap; the second screen names the chip under the order's cursor.",docs/ROM_DATA.md:33
BN6 Cybeast Gregar (USA),89fe0bac4fd3d2ab1d2ca35e87ef8b1294a84cd6,RomLayout.title.text_tiles,rom,0x087F1EBC,,,,,,"LZ77: PRESS START, NEW GAME, CONTINUE (OBJ tile 1 first)",,,src/core/rom.c:39
BN6 Cybeast Gregar (USA),89fe0bac4fd3d2ab1d2ca35e87ef8b1294a84cd6,RomLayout.title.text_pal,rom,0x087F216C,,,,,,,,,src/core/rom.c:39
BN6 Cybeast Gregar (USA),89fe0bac4fd3d2ab1d2ca35e87ef8b1294a84cd6,RomLayout.title.menu_pal,rom,0x087F218C,,,,,,,,,src/core/rom.c:39
BN6 Cybeast Gregar (USA),89fe0bac4fd3d2ab1d2ca35e87ef8b1294a84cd6,RomLayout.title.copy_tiles,rom,0x087F21EC,,,,,,"LZ77: the copyright line, 8 OBJs of 32x32",docs/ROM_DATA.md:20 (Title marks),"Check with `build.py shot --scene title --marks 1FE`: each mark whole, in its colours, where BN6 puts it.",src/core/rom.c:39
BN6 Cybeast Gregar (USA),89fe0bac4fd3d2ab1d2ca35e87ef8b1294a84cd6,RomLayout.title.copy_pal,rom,0x087F2C20,,,,,,,docs/ROM_DATA.md:20 (Title marks),"Check with `build.py shot --scene title --marks 1FE`: each mark whole, in its colours, where BN6 puts it.",src/core/rom.c:39
BN6 Cybeast Gregar (USA),89fe0bac4fd3d2ab1d2ca35e87ef8b1294a84cd6,RomLayout.title.bg_pal,rom,0x087F2E40,,,,,,banks 0-13: the logo in 0-4,,,src/core/rom.c:39
BN6 Cybeast Gregar (USA),89fe0bac4fd3d2ab1d2ca35e87ef8b1294a84cd6,RomLayout.title.bg_tiles,data,0x087F3040,,,,,,LZ77: 8bpp tiles as loaded to 0x06000000,,,src/core/rom.c:39
BN6 Cybeast Gregar (USA),89fe0bac4fd3d2ab1d2ca35e87ef8b1294a84cd6,RomLayout.title.bg_map,data,0x087F7CFC,,,,,,32x20 map entries,,,src/core/rom.c:39
BN6 Cybeast Gregar (USA),89fe0bac4fd3d2ab1d2ca35e87ef8b1294a84cd6,BN6_BBS_DARK_ARCHIVE,constant,,,,,,0x03,"the fourth of BN6_BBS_ARCHIVES, the DarkChip post's ... its script 27 a post on DarkChips, ""A dar...DarkChip!?""",,,src/emu/bn6.h:341
BN6 Cybeast Gregar (USA),89fe0bac4fd3d2ab1d2ca35e87ef8b1294a84cd6,BN6_BBS_DARK_SCRIPT,constant,,,,,,0x1B,"the fourth of BN6_BBS_ARCHIVES, the DarkChip post's ... its script 27 a post on DarkChips, ""A dar...DarkChip!?""",,,src/emu/bn6.h:342
BN6 Cybeast Gregar (USA),89fe0bac4fd3d2ab1d2ca35e87ef8b1294a84cd6,BN6_CHIP_ALPHA_SORT,constant,,,,,,0x18,"AlphabetSortPos, u16: the folder editor's ABC order",,,src/emu/bn6.h:320
BN6 Cybeast Gregar (USA),89fe0bac4fd3d2ab1d2ca35e87ef8b1294a84cd6,BN6_CHIP_ATTACK_POWER,constant,,,,,,0x1A,"AttackPower, u16: what the Custom screen and the hand show, and a chip deals",,,src/emu/bn6.h:321
BN6 Cybeast Gregar (USA),89fe0bac4fd3d2ab1d2ca35e87ef8b1294a84cd6,BN6_CHIP_DARK_CLASS,constant,,,,,,0x20,"EffectFlags: BN6_CHIP_DARK_CLASS makes a DarkChip (the folder's three, MegaMan's NAVIGATOR line, the purple card)",,,src/emu/bn6.h:328
BN6 Cybeast Gregar (USA),89fe0bac4fd3d2ab1d2ca35e87ef8b1294a84cd6,BN6_CHIP_DARK_ID,constant,,,,,,0x1F,"DarkChipID: 0-4 BN6's five DarkChips, 0xFF any other chip",,,src/emu/bn6.h:324
BN6 Cybeast Gregar (USA),89fe0bac4fd3d2ab1d2ca35e87ef8b1294a84cd6,BN6_CHIP_EFFECT_FLAGS,constant,,,,,,0x09,"EffectFlags: BN6_CHIP_DARK_CLASS makes a DarkChip (the folder's three, MegaMan's NAVIGATOR line, the purple card)",,,src/emu/bn6.h:317
BN6 Cybeast Gregar (USA),89fe0bac4fd3d2ab1d2ca35e87ef8b1294a84cd6,BN6_CHIP_ELEMENT,constant,,,,,,0x06,"ChipElement: its icon's element (0 Fire, 1 Aqua, 2 Elec, 3 Wood, 4 Plus, 5 Sword, 6 Cursor, 7 Break, 8 Wind, 9 Obstacle, 10 Null)",,,src/emu/bn6.h:315
BN6 Cybeast Gregar (USA),89fe0bac4fd3d2ab1d2ca35e87ef8b1294a84cd6,BN6_CHIP_ICON_PTR,constant,,,,,,0x20,"ChipIconPtr, then ChipImagePtr and ChipPalettePtr: the hand's icon, the card's picture",,,src/emu/bn6.h:325
BN6 Cybeast Gregar (USA),89fe0bac4fd3d2ab1d2ca35e87ef8b1294a84cd6,BN6_CHIP_ID_SORT,constant,,,,,,0x1C,"IDSortPos, u16: the editor's ID order, and with the code the key its swap tells two chips apart by (bn6f sub_811FCB8, sub_811FE7C); 0 on the five DarkChips, so it took any two for one chip and skipped its limits",,,src/emu/bn6.h:322
BN6 Cybeast Gregar (USA),89fe0bac4fd3d2ab1d2ca35e87ef8b1294a84cd6,BN6_CHIP_IMAGE_PTR,constant,,,,,,0x24,"ChipIconPtr, then ChipImagePtr and ChipPalettePtr: the hand's icon, the card's picture",,,src/emu/bn6.h:326
BN6 Cybeast Gregar (USA),89fe0bac4fd3d2ab1d2ca35e87ef8b1294a84cd6,BN6_CHIP_KEY_XOR,constant,,,,,,0x17,(Gregar; Falzar 0x81),,,src/emu/bn6.h:231
BN6 Cybeast Gregar (USA),89fe0bac4fd3d2ab1d2ca35e87ef8b1294a84cd6,BN6_CHIP_LIBRARY_FLAGS,constant,,,,,,0x16,LibraryFlags: BN6_CHIP_UNLISTED keeps a chip out of the pack's list (bn6f sub_811FE7C),,,src/emu/bn6.h:319
BN6 Cybeast Gregar (USA),89fe0bac4fd3d2ab1d2ca35e87ef8b1294a84cd6,BN6_CHIP_LIBRARY_TYPE,constant,,,,,,0x07,"LibraryType: 0 standard, 1 Mega, 2 Giga, 3 secret, 4 a Program Advance",,,src/emu/bn6.h:316
BN6 Cybeast Gregar (USA),89fe0bac4fd3d2ab1d2ca35e87ef8b1294a84cd6,BN6_CHIP_PALETTE_PTR,constant,,,,,,0x28,"ChipIconPtr, then ChipImagePtr and ChipPalettePtr: the hand's icon, the card's picture",,,src/emu/bn6.h:327
BN6 Cybeast Gregar (USA),89fe0bac4fd3d2ab1d2ca35e87ef8b1294a84cd6,BN6_CHIP_RECORD_SIZE,constant,,,,,,0x2C,"BN6's own DarkChips (docs/ROM_DATA.md, BN6's own DarkChips; docs/META.md; issue #70): a chip record's fields (RomLayout.chip_data, 0x2C bytes an id; bn6f ChipData), the routines every chip use runs, the battle's BugFrags (Gregar's as Falzar's)",,,src/emu/bn6.h:314
BN6 Cybeast Gregar (USA),89fe0bac4fd3d2ab1d2ca35e87ef8b1294a84cd6,BN6_CHIP_SUBFAMILY,constant,,,,,,0x0C,"AttackSubFamily: a recovery chip's amount (BN6_RECOVERY_AMOUNTS), a sword's area",,,src/emu/bn6.h:318
BN6 Cybeast Gregar (USA),89fe0bac4fd3d2ab1d2ca35e87ef8b1294a84cd6,BN6_CHIP_UNLISTED,constant,,,,,,0x20,LibraryFlags: BN6_CHIP_UNLISTED keeps a chip out of the pack's list (bn6f sub_811FE7C),,,src/emu/bn6.h:329
BN6 Cybeast Gregar (USA),89fe0bac4fd3d2ab1d2ca35e87ef8b1294a84cd6,BN6_DARK_BASE_STEP,constant,,,,,,0x0A,the bytes from one base chip's routine to the next in BN6_DARK_BASES,,,src/emu/bn6.h:337
BN6 Cybeast Gregar (USA),89fe0bac4fd3d2ab1d2ca35e87ef8b1294a84cd6,BN6_DARK_FIRST_ID,constant,,,,,,0x011E,"DrkSword, DarkThnd, DrkRecov, DarkInvs, DarkPlus: chips 0x11E-0x122",,,src/emu/bn6.h:330
BN6 Cybeast Gregar (USA),89fe0bac4fd3d2ab1d2ca35e87ef8b1294a84cd6,BN6_EDIT_PACK,constant,,,,,,0x04,"the folder editor's state: the side, BN6_EDIT_PACK the pack's, 0 the folder's",,,src/emu/bn6.h:375
BN6 Cybeast Gregar (USA),89fe0bac4fd3d2ab1d2ca35e87ef8b1294a84cd6,BN6_EDIT_PACK_ROW,constant,,,,,,0x2A,"the cursor's row on the screen (0-6) ... and the list's scroll: the entry under the cursor is their sum ... the pack's cursor row and its scroll (its list by chip ID, as BN6 sorts it first) ... the pack list's scroll: its entry under the cursor is row + scroll",,,src/emu/bn6.h:378
BN6 Cybeast Gregar (USA),89fe0bac4fd3d2ab1d2ca35e87ef8b1294a84cd6,BN6_EDIT_PACK_SCROLL,constant,,,,,,0x2E,"the cursor's row on the screen (0-6) ... and the list's scroll: the entry under the cursor is their sum ... the pack's cursor row and its scroll (its list by chip ID, as BN6 sorts it first) ... the pack list's scroll: its entry under the cursor is row + scroll",,,src/emu/bn6.h:379
BN6 Cybeast Gregar (USA),89fe0bac4fd3d2ab1d2ca35e87ef8b1294a84cd6,BN6_EDIT_ROW,constant,,,,,,0x20,"the cursor's row on the screen (0-6) ... and the list's scroll: the entry under the cursor is their sum ... the pack's cursor row and its scroll (its list by chip ID, as BN6 sorts it first) ... the pack list's scroll: its entry under the cursor is row + scroll",,,src/emu/bn6.h:376
BN6 Cybeast Gregar (USA),89fe0bac4fd3d2ab1d2ca35e87ef8b1294a84cd6,BN6_EDIT_SCROLL,constant,,,,,,0x24,"the cursor's row on the screen (0-6) ... and the list's scroll: the entry under the cursor is their sum ... the pack's cursor row and its scroll (its list by chip ID, as BN6 sorts it first) ... the pack list's scroll: its entry under the cursor is row + scroll",,,src/emu/bn6.h:377
BN6 Cybeast Gregar (USA),89fe0bac4fd3d2ab1d2ca35e87ef8b1294a84cd6,BN6_EDIT_SIDE,constant,,,,,,0x03,"the folder editor's state: the side, BN6_EDIT_PACK the pack's, 0 the folder's",,,src/emu/bn6.h:374
BN6 Cybeast Gregar (USA),89fe0bac4fd3d2ab1d2ca35e87ef8b1294a84cd6,BN6_EWRAM_END,constant,,,,,,0x02040000,"EWRAM, and the structures in it with the fields the engine reads (bn6f's names in the comments: include/structs/)",,,src/emu/bn6.h:9
BN6 Cybeast Gregar (USA),89fe0bac4fd3d2ab1d2ca35e87ef8b1294a84cd6,BN6_FLAME_SLOT,constant,,,,,,0x54,"sprite list 7's blue flame (uncompressed, 1612 bytes), which no map object lists ... and a list-7 number Gregar leaves on its placeholder sprite, the purple copy's",docs/ROM_DATA.md:62 (BN6's own DarkChips in a run),,src/emu/bn6.h:344
BN6 Cybeast Gregar (USA),89fe0bac4fd3d2ab1d2ca35e87ef8b1294a84cd6,BN6_FLAME_SPRITE,constant,,,,,,0x3C,"sprite list 7's blue flame (uncompressed, 1612 bytes), which no map object lists ... and a list-7 number Gregar leaves on its placeholder sprite, the purple copy's",docs/ROM_DATA.md:62 (BN6's own DarkChips in a run),,src/emu/bn6.h:343
BN6 Cybeast Gregar (USA),89fe0bac4fd3d2ab1d2ca35e87ef8b1294a84cd6,BN6_FOLDER_ENTRIES,constant,,,,,,0x1E,the chips in a folder,,,src/emu/bn6.h:16
BN6 Cybeast Gregar (USA),89fe0bac4fd3d2ab1d2ca35e87ef8b1294a84cd6,BN6_HAND_AT,constant,,,,,,0x00,"MegaMan's hand after OK (bn6f getBattleHandAddr_8010018; the enemies' 0x50 on): ... the chip up next, an index ... the chips' ids, u16, six at most, 0xFFFF after them ... their powers, u16 ... the power Atk+ chips add to each, u16 (the HUD's ""Sword 80+10"") ... six chips at most",,,src/emu/bn6.h:128
BN6 Cybeast Gregar (USA),89fe0bac4fd3d2ab1d2ca35e87ef8b1294a84cd6,BN6_HAND_BONUS,constant,,,,,,0x1A,"MegaMan's hand after OK (bn6f getBattleHandAddr_8010018; the enemies' 0x50 on): ... the chip up next, an index ... the chips' ids, u16, six at most, 0xFFFF after them ... their powers, u16 ... the power Atk+ chips add to each, u16 (the HUD's ""Sword 80+10"") ... six chips at most",,,src/emu/bn6.h:131
BN6 Cybeast Gregar (USA),89fe0bac4fd3d2ab1d2ca35e87ef8b1294a84cd6,BN6_HAND_CHIPS,constant,,,,,,0x02,"MegaMan's hand after OK (bn6f getBattleHandAddr_8010018; the enemies' 0x50 on): ... the chip up next, an index ... the chips' ids, u16, six at most, 0xFFFF after them ... their powers, u16 ... the power Atk+ chips add to each, u16 (the HUD's ""Sword 80+10"") ... six chips at most",,,src/emu/bn6.h:129
BN6 Cybeast Gregar (USA),89fe0bac4fd3d2ab1d2ca35e87ef8b1294a84cd6,BN6_HAND_MAX,constant,,,,,,0x06,"MegaMan's hand after OK (bn6f getBattleHandAddr_8010018; the enemies' 0x50 on): ... the chip up next, an index ... the chips' ids, u16, six at most, 0xFFFF after them ... their powers, u16 ... the power Atk+ chips add to each, u16 (the HUD's ""Sword 80+10"") ... six chips at most",,,src/emu/bn6.h:132
BN6 Cybeast Gregar (USA),89fe0bac4fd3d2ab1d2ca35e87ef8b1294a84cd6,BN6_HAND_POWERS,constant,,,,,,0x0E,"MegaMan's hand after OK (bn6f getBattleHandAddr_8010018; the enemies' 0x50 on): ... the chip up next, an index ... the chips' ids, u16, six at most, 0xFFFF after them ... their powers, u16 ... the power Atk+ chips add to each, u16 (the HUD's ""Sword 80+10"") ... six chips at most",,,src/emu/bn6.h:130
BN6 Cybeast Gregar (USA),89fe0bac4fd3d2ab1d2ca35e87ef8b1294a84cd6,BN6_MAP_MUSIC_LISTS,constant,,,,,,0x03,"its lists, one a chapter",,,src/emu/bn6.h:244
BN6 Cybeast Gregar (USA),89fe0bac4fd3d2ab1d2ca35e87ef8b1294a84cd6,BN6_NAVICUST_PLACED_MAX,constant,,,,,,0x19,the most programs the board holds,,,src/emu/bn6.h:159
BN6 Cybeast Gregar (USA),89fe0bac4fd3d2ab1d2ca35e87ef8b1294a84cd6,BN6_NAVICUST_SLOTS,constant,,,,,,0x31,"the list's room, as the game's compile walks it (holes where a program was taken off)",,,src/emu/bn6.h:160
BN6 Cybeast Gregar (USA),89fe0bac4fd3d2ab1d2ca35e87ef8b1294a84cd6,BN6_NCMENU_MODE,constant,,,,,,0x02,"the NaviCustomizer's state: +2 what its cursor does, BN6_NCMENU_* (bn6f sub_81357C4's jump table)",,,src/emu/bn6.h:380
BN6 Cybeast Gregar (USA),89fe0bac4fd3d2ab1d2ca35e87ef8b1294a84cd6,BN6_NCMENU_RUN,constant,,,,,,0x014C,"BN6_NCMENU_ENTRIES' item: RUN, the list's last",docs/ROM_DATA.md:123 (The second screen's NaviCustomizer),"Verified on 5 October 2026 in a run through `tools/play.py` with `--dev programs=8` and the memory watched: DOWN moved +0x20, and +0x24 past the fourth row; A took Custom1 up (+0x02 `0x10`, then `0x14`) and A placed it (`0x04`; the placed list's first entry `0x08` at column 3, row 2; the list lost its entry); LEFT went to the board (`0x08`), A on a placed program offered move and remove (`0x1C`), and move held it (`0x20`, `0x24`), its entry back in the list.",src/emu/bn6.h:393
BN6 Cybeast Gregar (USA),89fe0bac4fd3d2ab1d2ca35e87ef8b1294a84cd6,BN6_PA_STAR_ANY,constant,,,,,,0x2A03,"bn6f sub_80295C8, a Program Advance of one chip in codes in a row: cmp r2, #1 (0x2A01), one * of its three at most ... cmp r2, #3: three *, the All * helper's (docs/ROM_DATA.md)",docs/ROM_DATA.md:113 (The All * helper),"Verify: with All *, three Cannon * staged as a first hand's first picks show ""PrgAdvance"" and GigaCan1 (with `0x2A01` left there, three Cannons fire one by one); the gift's TimeBom2 (codes C D E) reads TimeBom2 * in the PET's pack, and a folder's Sword moved to the pack and back reads Sword * there and in the folder.",src/emu/bn6.h:100
BN6 Cybeast Gregar (USA),89fe0bac4fd3d2ab1d2ca35e87ef8b1294a84cd6,BN6_PROGRAM_ITEMS,constant,,,,,,0x90,"key item 0x90 + program * 4 + variant: how many of it MegaMan has, on the board or not",,,src/emu/bn6.h:162
BN6 Cybeast Gregar (USA),89fe0bac4fd3d2ab1d2ca35e87ef8b1294a84cd6,BN6_SHOP_ENTRY,constant,,,,,,0x08,"a stock entry: +0 its kind (BN6_SHOP_KIND_*), +1 the stock, +2 its id u16, +4 a chip's code or a program's colour, +6 the price u16",,,src/emu/bn6.h:356
BN6 Cybeast Gregar (USA),89fe0bac4fd3d2ab1d2ca35e87ef8b1294a84cd6,BN6_SHOP_KIND_CHIP,constant,,,,,,0x02,"BN6_SHOP_ENTRY's kind: a key item (HPMemory 0x70) ... a chip in its code ... a NaviCust program, its id program * 4",,,src/emu/bn6.h:359
BN6 Cybeast Gregar (USA),89fe0bac4fd3d2ab1d2ca35e87ef8b1294a84cd6,BN6_SHOP_KIND_ITEM,constant,,,,,,0x01,"BN6_SHOP_ENTRY's kind: a key item (HPMemory 0x70) ... a chip in its code ... a NaviCust program, its id program * 4",,,src/emu/bn6.h:358
BN6 Cybeast Gregar (USA),89fe0bac4fd3d2ab1d2ca35e87ef8b1294a84cd6,BN6_SHOP_KIND_PROGRAM,constant,,,,,,0x03,"BN6_SHOP_ENTRY's kind: a key item (HPMemory 0x70) ... a chip in its code ... a NaviCust program, its id program * 4",,,src/emu/bn6.h:360
BN6 Cybeast Gregar (USA),89fe0bac4fd3d2ab1d2ca35e87ef8b1294a84cd6,BN6_SUBMENU_COMM,constant,,,,,,0x18,"eToolkit SubmenuPtr: the PET screen's state (0x02009A30), its first byte the screen: ... the ChipFolder list (bn6f HandleChipFolderMenu8123434) ... SubChip ... the Library ... MegaMan's status ... E-Mail ... KeyItem ... Comm ... Save ... the folder editor (bn6f sub_8133200) ... the NaviCustomizer (bn6f sub_81356D4)",,,src/emu/bn6.h:370
BN6 Cybeast Gregar (USA),89fe0bac4fd3d2ab1d2ca35e87ef8b1294a84cd6,BN6_SUBMENU_EDIT,constant,,,,,,0x20,"eToolkit SubmenuPtr: the PET screen's state (0x02009A30), its first byte the screen: ... the ChipFolder list (bn6f HandleChipFolderMenu8123434) ... SubChip ... the Library ... MegaMan's status ... E-Mail ... KeyItem ... Comm ... Save ... the folder editor (bn6f sub_8133200) ... the NaviCustomizer (bn6f sub_81356D4)",,,src/emu/bn6.h:372
BN6 Cybeast Gregar (USA),89fe0bac4fd3d2ab1d2ca35e87ef8b1294a84cd6,BN6_SUBMENU_FOLDERS,constant,,,,,,0x00,"eToolkit SubmenuPtr: the PET screen's state (0x02009A30), its first byte the screen: ... the ChipFolder list (bn6f HandleChipFolderMenu8123434) ... SubChip ... the Library ... MegaMan's status ... E-Mail ... KeyItem ... Comm ... Save ... the folder editor (bn6f sub_8133200) ... the NaviCustomizer (bn6f sub_81356D4)",,,src/emu/bn6.h:364
BN6 Cybeast Gregar (USA),89fe0bac4fd3d2ab1d2ca35e87ef8b1294a84cd6,BN6_SUBMENU_KEYITEM,constant,,,,,,0x14,"eToolkit SubmenuPtr: the PET screen's state (0x02009A30), its first byte the screen: ... the ChipFolder list (bn6f HandleChipFolderMenu8123434) ... SubChip ... the Library ... MegaMan's status ... E-Mail ... KeyItem ... Comm ... Save ... the folder editor (bn6f sub_8133200) ... the NaviCustomizer (bn6f sub_81356D4)",,,src/emu/bn6.h:369
BN6 Cybeast Gregar (USA),89fe0bac4fd3d2ab1d2ca35e87ef8b1294a84cd6,BN6_SUBMENU_LIBRARY,constant,,,,,,0x08,"eToolkit SubmenuPtr: the PET screen's state (0x02009A30), its first byte the screen: ... the ChipFolder list (bn6f HandleChipFolderMenu8123434) ... SubChip ... the Library ... MegaMan's status ... E-Mail ... KeyItem ... Comm ... Save ... the folder editor (bn6f sub_8133200) ... the NaviCustomizer (bn6f sub_81356D4)",,,src/emu/bn6.h:366
BN6 Cybeast Gregar (USA),89fe0bac4fd3d2ab1d2ca35e87ef8b1294a84cd6,BN6_SUBMENU_MAIL,constant,,,,,,0x10,"eToolkit SubmenuPtr: the PET screen's state (0x02009A30), its first byte the screen: ... the ChipFolder list (bn6f HandleChipFolderMenu8123434) ... SubChip ... the Library ... MegaMan's status ... E-Mail ... KeyItem ... Comm ... Save ... the folder editor (bn6f sub_8133200) ... the NaviCustomizer (bn6f sub_81356D4)",,,src/emu/bn6.h:368
BN6 Cybeast Gregar (USA),89fe0bac4fd3d2ab1d2ca35e87ef8b1294a84cd6,BN6_SUBMENU_NAVICUST,constant,,,,,,0x24,"eToolkit SubmenuPtr: the PET screen's state (0x02009A30), its first byte the screen: ... the ChipFolder list (bn6f HandleChipFolderMenu8123434) ... SubChip ... the Library ... MegaMan's status ... E-Mail ... KeyItem ... Comm ... Save ... the folder editor (bn6f sub_8133200) ... the NaviCustomizer (bn6f sub_81356D4)",,,src/emu/bn6.h:373
BN6 Cybeast Gregar (USA),89fe0bac4fd3d2ab1d2ca35e87ef8b1294a84cd6,BN6_SUBMENU_SAVE,constant,,,,,,0x1C,"eToolkit SubmenuPtr: the PET screen's state (0x02009A30), its first byte the screen: ... the ChipFolder list (bn6f HandleChipFolderMenu8123434) ... SubChip ... the Library ... MegaMan's status ... E-Mail ... KeyItem ... Comm ... Save ... the folder editor (bn6f sub_8133200) ... the NaviCustomizer (bn6f sub_81356D4)",,,src/emu/bn6.h:371
BN6 Cybeast Gregar (USA),89fe0bac4fd3d2ab1d2ca35e87ef8b1294a84cd6,BN6_SUBMENU_STATUS,constant,,,,,,0x0C,"eToolkit SubmenuPtr: the PET screen's state (0x02009A30), its first byte the screen: ... the ChipFolder list (bn6f HandleChipFolderMenu8123434) ... SubChip ... the Library ... MegaMan's status ... E-Mail ... KeyItem ... Comm ... Save ... the folder editor (bn6f sub_8133200) ... the NaviCustomizer (bn6f sub_81356D4)",,,src/emu/bn6.h:367
BN6 Cybeast Gregar (USA),89fe0bac4fd3d2ab1d2ca35e87ef8b1294a84cd6,BN6_SUBMENU_SUBCHIP,constant,,,,,,0x04,"eToolkit SubmenuPtr: the PET screen's state (0x02009A30), its first byte the screen: ... the ChipFolder list (bn6f HandleChipFolderMenu8123434) ... SubChip ... the Library ... MegaMan's status ... E-Mail ... KeyItem ... Comm ... Save ... the folder editor (bn6f sub_8133200) ... the NaviCustomizer (bn6f sub_81356D4)",,,src/emu/bn6.h:365
BN6 Cybeast Gregar (USA),89fe0bac4fd3d2ab1d2ca35e87ef8b1294a84cd6,BN6_T3_COUNT,constant,,,,,,0x20,32 of them,,,src/emu/bn6.h:143
BN6 Cybeast Gregar (USA),89fe0bac4fd3d2ab1d2ca35e87ef8b1294a84cd6,BN6_TILEMAP_MAX,constant,,,,,,0x00013FF4,"A map's tile map decompresses to 0x02013A00 (12-byte header, then the entries) and its coordinate data to 0x02027A00, which the game reads in place: the raw entries may take up to here, not a byte more.",docs/ROM_DATA.md:72 (Map buffers),,src/emu/bn6.h:174
BN6 Cybeast Gregar (USA),89fe0bac4fd3d2ab1d2ca35e87ef8b1294a84cd6,BN6_NPC_COUNT,count,,BN6_NPC_OBJECTS,,,,0x10,"The overworld's NPC objects (eOverworldNPCObjects): 16 of 0xD8 bytes, fields from each one's start",,,src/emu/bn6.h:66
BN6 Cybeast Gregar (USA),89fe0bac4fd3d2ab1d2ca35e87ef8b1294a84cd6,BN6_T1_COUNT,count,,BN6_T1_OBJECTS,,,,0x20,32 of them,,,src/emu/bn6.h:113
BN6 Cybeast Gregar (USA),89fe0bac4fd3d2ab1d2ca35e87ef8b1294a84cd6,BN6_EVENT_FLAG_BYTES,flag,,,,,,0x05A8,its size (bn6f ewram.s): flags 0-0x2D3F,docs/ROM_DATA.md:111 (NaviCust compression),"Verify: with Custom1 in the PET, `play.py` dev step `flags 9832 9835 1` (0x2668-0x266B; the step reaches every flag of eEventFlags' 1448 bytes, `BN6_EVENT_FLAG_BYTES`, bn6f's ewram.s) draws it in its four-block shape on the NaviCust screen; with it placed and SuperArmor's flags 0x2664-0x2667 set too, MegaMan says SuperArmor needs a program moved, where uncompressed it would not fit the 4x4 board at all.",src/emu/bn6.h:38
BN6 Cybeast Gregar (USA),89fe0bac4fd3d2ab1d2ca35e87ef8b1294a84cd6,BN6_FLAG_BEAST_OUT,flag,,,,,,0xE0,Beast Out in the Custom screen (unless 0x163 is set),,,src/emu/bn6.h:226
BN6 Cybeast Gregar (USA),89fe0bac4fd3d2ab1d2ca35e87ef8b1294a84cd6,BN6_FLAG_CHARGE_CROSS,flag,,,,,,0xE6,ChargeCross,,,src/emu/bn6.h:236
BN6 Cybeast Gregar (USA),89fe0bac4fd3d2ab1d2ca35e87ef8b1294a84cd6,BN6_FLAG_COMPRESSED,flag,,,,,,0x2660,"+ a NaviCust program's variant: compressed by its code (docs/ROM_DATA.md, NaviCust)",docs/ROM_DATA.md:111 (NaviCust compression),"Verify: with Custom1 in the PET, `play.py` dev step `flags 9832 9835 1` (0x2668-0x266B; the step reaches every flag of eEventFlags' 1448 bytes, `BN6_EVENT_FLAG_BYTES`, bn6f's ewram.s) draws it in its four-block shape on the NaviCust screen; with it placed and SuperArmor's flags 0x2664-0x2667 set too, MegaMan says SuperArmor needs a program moved, where uncompressed it would not fit the 4x4 board at all.",src/emu/bn6.h:181
BN6 Cybeast Gregar (USA),89fe0bac4fd3d2ab1d2ca35e87ef8b1294a84cd6,BN6_FLAG_DIALOGUE_1718,flag,,,,,,0x1718,set by the game's non-NPC dialogue lock,,,src/emu/bn6.h:257
BN6 Cybeast Gregar (USA),89fe0bac4fd3d2ab1d2ca35e87ef8b1294a84cd6,BN6_FLAG_DIALOGUE_1719,flag,,,,,,0x1719,cleared by its unlock,,,src/emu/bn6.h:258
BN6 Cybeast Gregar (USA),89fe0bac4fd3d2ab1d2ca35e87ef8b1294a84cd6,BN6_FLAG_ELEC_CROSS,flag,,,,,,0xE3,ElecCross,,,src/emu/bn6.h:233
BN6 Cybeast Gregar (USA),89fe0bac4fd3d2ab1d2ca35e87ef8b1294a84cd6,BN6_FLAG_ERASE_CROSS,flag,,,,,,0xE5,EraseCross,,,src/emu/bn6.h:235
BN6 Cybeast Gregar (USA),89fe0bac4fd3d2ab1d2ca35e87ef8b1294a84cd6,BN6_FLAG_HEAT_CROSS,flag,,,,,,0xE2,"CROSSSELECT entries, Gregar's five: HeatCross",,,src/emu/bn6.h:232
BN6 Cybeast Gregar (USA),89fe0bac4fd3d2ab1d2ca35e87ef8b1294a84cd6,BN6_FLAG_LIBRARY,flag,,,,,,0x1E20,+ chip id: the chip is in the Library (docs/ROM_DATA.md),docs/ROM_DATA.md:48 (The Library),"Found from that routine; checked by listing the set flags at a new run's first layer (exactly the Standard folder's twelve chips: 1, 4, 5, 54, 71, 72, 89, 154, 163, 175, 184, 192, which the boot's NEW GAME gave), and by setting a profile's chips at a run's start and reading the PET's LIBRARY (StdChip 15/200, the Blade folder's LongSwrd, PanlGrab and Barrier among them).",src/emu/bn6.h:227
BN6 Cybeast Gregar (USA),89fe0bac4fd3d2ab1d2ca35e87ef8b1294a84cd6,BN6_FLAG_MAIL_GOT,flag,,,,,,0x1CA0,+ mail: received,,,src/emu/bn6.h:217
BN6 Cybeast Gregar (USA),89fe0bac4fd3d2ab1d2ca35e87ef8b1294a84cd6,BN6_FLAG_MAIL_NEW,flag,,,,,,0x1D20,+ mail: unread,,,src/emu/bn6.h:218
BN6 Cybeast Gregar (USA),89fe0bac4fd3d2ab1d2ca35e87ef8b1294a84cd6,BN6_FLAG_MAIL_READ,flag,,,,,,0x1DA0,+ mail: read,,,src/emu/bn6.h:219
BN6 Cybeast Gregar (USA),89fe0bac4fd3d2ab1d2ca35e87ef8b1294a84cd6,BN6_FLAG_NAVICUST,flag,,,,,,0xF2,MegaMan's STATUS in the PET offers the NaviCust (found by setting flags there),,,src/emu/bn6.h:225
BN6 Cybeast Gregar (USA),89fe0bac4fd3d2ab1d2ca35e87ef8b1294a84cd6,BN6_FLAG_NAVI_IN_PET,flag,,,,,,0x171D,"EVENT_PET_NAVI_ACTIVE: MegaMan is in the PET; clear, a jack-in says ""MegaMan isn't in the PET..."" (bn6f CompText87385CC), and only BN6's own jack-out sets it again",docs/ROM_DATA.md:120 (Home after an act),"Verify: `CYBERWORLD_AUTOPILOT=weak python3 build.py shot --scene emu --seed 1 --setup short,0,0,0 --frames 70000`: three trips home and a won run in the run log.",src/emu/bn6.h:221
BN6 Cybeast Gregar (USA),89fe0bac4fd3d2ab1d2ca35e87ef8b1294a84cd6,BN6_FLAG_NO_ENCOUNTERS,flag,,,,,,0x1700,checkThenStartBattle skips random battles while set (a BBS request sets it); cleared on entering a map,,,src/emu/bn6.h:223
BN6 Cybeast Gregar (USA),89fe0bac4fd3d2ab1d2ca35e87ef8b1294a84cd6,BN6_FLAG_NO_JACK,flag,,,,,,0x1727,R neither jacks in nor out (the jack routine's first check),,,src/emu/bn6.h:220
BN6 Cybeast Gregar (USA),89fe0bac4fd3d2ab1d2ca35e87ef8b1294a84cd6,BN6_FLAG_NO_PET_SAVE,flag,,,,,,0x1706,EVENT_PET_COMM_SAVE_DISABLED: the PET's Comm and Save buzz,,,src/emu/bn6.h:180
BN6 Cybeast Gregar (USA),89fe0bac4fd3d2ab1d2ca35e87ef8b1294a84cd6,BN6_FLAG_PLAYER_CAN_MOVE,flag,,,,,,0x1714,EVENT_PLAYER_CAN_MOVE,,,src/emu/bn6.h:256
BN6 Cybeast Gregar (USA),89fe0bac4fd3d2ab1d2ca35e87ef8b1294a84cd6,BN6_FLAG_SLASH_CROSS,flag,,,,,,0xE4,SlashCross,,,src/emu/bn6.h:234
BN6 Cybeast Gregar (USA),89fe0bac4fd3d2ab1d2ca35e87ef8b1294a84cd6,BN6_FLAG_TRADER_HOWL,flag,,,,,,0xF6,"EVENT_F6: the machine's howl, set by the trade's script; the machine clears it",,,src/emu/bn6.h:280
BN6 Cybeast Gregar (USA),89fe0bac4fd3d2ab1d2ca35e87ef8b1294a84cd6,BN6_FLAG_WARP_OFF,flag,,,,,,0x16F0,+ n: the map's warp trigger n does nothing,"docs/ROM_DATA.md:25 (Map, flag and key item events by hook)","Verify: an autopilot run's log is the same as before; a layer's challenge and its Undernet warp start on a Yes (`tools/play.py start ch --fresh --seed 31 -- --scene emu --run-depth 4 --dev quiet --talk challenge:300`; `--seed 41`, `--run-depth 4 --net-biome 4 --talk undernet:300`); a ScrtData picked up is counted and MegaMan says what it is for (`--seed 53`, `--run-depth 5`: its Mystery Data at 348, -44, MegaMan put beside it with the dev step `place 328 -44 0`); a guardian's exit pad stays shut after each battle on its layer and after a CONTINUE there.",src/emu/bn6.h:222
BN6 Cybeast Gregar (USA),89fe0bac4fd3d2ab1d2ca35e87ef8b1294a84cd6,BN6_NPC_SIZE,size,,BN6_NPC_OBJECTS,,,,0xD8,"The overworld's NPC objects (eOverworldNPCObjects): 16 of 0xD8 bytes, fields from each one's start",,,src/emu/bn6.h:65
BN6 Cybeast Gregar (USA),89fe0bac4fd3d2ab1d2ca35e87ef8b1294a84cd6,BN6_PANEL_SIZE,size,,BN6_FIELD_PANELS,,,,0x20,a panel's size,,,src/emu/bn6.h:102
BN6 Cybeast Gregar (USA),89fe0bac4fd3d2ab1d2ca35e87ef8b1294a84cd6,BN6_T1_SIZE,size,,BN6_T1_OBJECTS,,,,0xD8,"eT1BattleObject0: viruses and navis in a battle (BattleObject), ... each this long, its fields from its start:",,,src/emu/bn6.h:112
BN6 Cybeast Gregar (USA),89fe0bac4fd3d2ab1d2ca35e87ef8b1294a84cd6,BN6_TALK_PROBE_SIZE,size,,BN6_TALK_PROBES,,,,0x18,a probe's size,,,src/emu/bn6.h:252
BN6 Cybeast Gregar (USA),89fe0bac4fd3d2ab1d2ca35e87ef8b1294a84cd6,BN6_CUSTOM_EMBLEM,value,,BN6_CUSTOM_CURSOR,,,,0x0B,BN6_CUSTOM_CURSOR: on the Beast Out emblem under OK,,,src/emu/bn6.h:90
BN6 Cybeast Gregar (USA),89fe0bac4fd3d2ab1d2ca35e87ef8b1294a84cd6,BN6_CUSTOM_OK,value,,BN6_CUSTOM_CURSOR,,,,0x0A,BN6_CUSTOM_CURSOR: on OK,,,src/emu/bn6.h:89
BN6 Cybeast Gregar (USA),89fe0bac4fd3d2ab1d2ca35e87ef8b1294a84cd6,BN6_FORM_BEAST,value,,BN6_BATTLE_FORM,,,,0x0B,BN6_BATTLE_FORM: Beast Out; 12 + a Cross: Beast Out in that Cross,,,src/emu/bn6.h:139
BN6 Cybeast Gregar (USA),89fe0bac4fd3d2ab1d2ca35e87ef8b1294a84cd6,BN6_FORM_BEAST_OVER,value,,BN6_BATTLE_FORM,,,,0x17,"BN6_BATTLE_FORM: BeastOver, the Cybeast's power out of hand",,,src/emu/bn6.h:141
BN6 Cybeast Gregar (USA),89fe0bac4fd3d2ab1d2ca35e87ef8b1294a84cd6,BN6_FORM_CROSS_BEAST,value,,BN6_BATTLE_FORM,,,,0x0C,"BN6_BATTLE_FORM: this + the Cross (1-5), Beast Out in a Cross",,,src/emu/bn6.h:140
BN6 Cybeast Gregar (USA),89fe0bac4fd3d2ab1d2ca35e87ef8b1294a84cd6,BN6_MEGAMAN_READY,value,,BN6_T1_ACTION,,,,0x08,BN6_T1_ACTION: MegaMan's when he can act,,,src/emu/bn6.h:116
BN6 Cybeast Gregar (USA),89fe0bac4fd3d2ab1d2ca35e87ef8b1294a84cd6,BN6_MODE_CHIPS,value,,BN6_CUSTOM_MODE,,,,0x04,BN6_CUSTOM_MODE: the chips,,,src/emu/bn6.h:92
BN6 Cybeast Gregar (USA),89fe0bac4fd3d2ab1d2ca35e87ef8b1294a84cd6,BN6_MODE_CROSS,value,,BN6_CUSTOM_MODE,,,,0x54,"BN6_CUSTOM_MODE: CROSSSELECT sliding open, ... sliding shut, ... open, ... a Cross chosen in it",,,src/emu/bn6.h:95
BN6 Cybeast Gregar (USA),89fe0bac4fd3d2ab1d2ca35e87ef8b1294a84cd6,BN6_MODE_CROSS_OPEN,value,,BN6_CUSTOM_MODE,,,,0x4C,"BN6_CUSTOM_MODE: CROSSSELECT sliding open, ... sliding shut, ... open, ... a Cross chosen in it",,,src/emu/bn6.h:93
BN6 Cybeast Gregar (USA),89fe0bac4fd3d2ab1d2ca35e87ef8b1294a84cd6,BN6_MODE_CROSS_SHUT,value,,BN6_CUSTOM_MODE,,,,0x50,"BN6_CUSTOM_MODE: CROSSSELECT sliding open, ... sliding shut, ... open, ... a Cross chosen in it",,,src/emu/bn6.h:94
BN6 Cybeast Gregar (USA),89fe0bac4fd3d2ab1d2ca35e87ef8b1294a84cd6,BN6_MODE_CROSS_TAKEN,value,,BN6_CUSTOM_MODE,,,,0x5C,"BN6_CUSTOM_MODE: CROSSSELECT sliding open, ... sliding shut, ... open, ... a Cross chosen in it",,,src/emu/bn6.h:96
BN6 Cybeast Gregar (USA),89fe0bac4fd3d2ab1d2ca35e87ef8b1294a84cd6,BN6_MODE_GAME,value,,BN6_TOOLKIT,,,,0x04,BN6_TOOLKIT: the game,,,src/emu/bn6.h:348
BN6 Cybeast Gregar (USA),89fe0bac4fd3d2ab1d2ca35e87ef8b1294a84cd6,BN6_MODE_GAME_OVER,value,,BN6_TOOLKIT,,,,0x14,BN6_TOOLKIT: its GAME OVER,,,src/emu/bn6.h:349
BN6 Cybeast Gregar (USA),89fe0bac4fd3d2ab1d2ca35e87ef8b1294a84cd6,BN6_MODE_MAIL,value,,BN6_TOOLKIT,,,,0x48,BN6_TOOLKIT: E-Mail on its own (bn6f HandleEmailMenu81279F8),,,src/emu/bn6.h:362
BN6 Cybeast Gregar (USA),89fe0bac4fd3d2ab1d2ca35e87ef8b1294a84cd6,BN6_MODE_SHOP,value,,BN6_TOOLKIT,,,,0x2C,BN6_TOOLKIT: a shop (bn6f ShopControl),,,src/emu/bn6.h:351
BN6 Cybeast Gregar (USA),89fe0bac4fd3d2ab1d2ca35e87ef8b1294a84cd6,BN6_MODE_START_SCREEN,value,,BN6_TOOLKIT,,,,0x00,"BN6_TOOLKIT: the start screen (the main mode, the index eToolkit +0 points at)",,,src/emu/bn6.h:347
BN6 Cybeast Gregar (USA),89fe0bac4fd3d2ab1d2ca35e87ef8b1294a84cd6,BN6_MODE_SUBMENU,value,,BN6_TOOLKIT,,,,0x28,"BN6_TOOLKIT: a PET screen (bn6f SubMenuControl), which BN6_SUBMENU's first byte names",,,src/emu/bn6.h:350
BN6 Cybeast Gregar (USA),89fe0bac4fd3d2ab1d2ca35e87ef8b1294a84cd6,BN6_MODE_TRADER,value,,BN6_TOOLKIT,,,,0x34,BN6_TOOLKIT: the Chip Trader (bn6f ChipTraderControl),docs/ROM_DATA.md:122 (The second screen's shops and traders),"Verify: `python3 tools/play.py start NAME --fresh --seed 6 -- --scene emu --run-depth 2 --dev quiet,pack=12 --talk trader:1700`, the arrival's chats paged, and `second` at the trader's words and on its screen: ""The Pack holds 12"" both times.",src/emu/bn6.h:361
BN6 Cybeast Gregar (USA),89fe0bac4fd3d2ab1d2ca35e87ef8b1294a84cd6,BN6_MOOD_SYNCHRO,value,,BN6_BATTLE_MOOD,,,,0xFF,"BN6_BATTLE_MOOD: Full Synchro, the next chip's power x2 (BN6's tutorial)",,,src/emu/bn6.h:136
BN6 Cybeast Gregar (USA),89fe0bac4fd3d2ab1d2ca35e87ef8b1294a84cd6,BN6_MUSIC_STOPPED,value,,BN6_MUSIC_STATUS,,,,0x80000000,BN6_MUSIC_STATUS: stopped,,,src/emu/bn6.h:80
BN6 Cybeast Gregar (USA),89fe0bac4fd3d2ab1d2ca35e87ef8b1294a84cd6,BN6_NCMENU_BOARD,value,,BN6_NCMENU_MODE,,,,0x08,"BN6_NCMENU_MODE: on the board, nothing held",,,src/emu/bn6.h:382
BN6 Cybeast Gregar (USA),89fe0bac4fd3d2ab1d2ca35e87ef8b1294a84cd6,BN6_NCMENU_HELD,value,,BN6_NCMENU_MODE,,,,0x14,BN6_NCMENU_MODE: a program from the list held over the board,,,src/emu/bn6.h:384
BN6 Cybeast Gregar (USA),89fe0bac4fd3d2ab1d2ca35e87ef8b1294a84cd6,BN6_NCMENU_LIST,value,,BN6_NCMENU_MODE,,,,0x04,BN6_NCMENU_MODE: on the list of programs,,,src/emu/bn6.h:381
BN6 Cybeast Gregar (USA),89fe0bac4fd3d2ab1d2ca35e87ef8b1294a84cd6,BN6_NCMENU_MOVE,value,,BN6_NCMENU_MODE,,,,0x20,"BN6_NCMENU_MODE: a placed program taken up, then BN6_NCMENU_MOVED",,,src/emu/bn6.h:386
BN6 Cybeast Gregar (USA),89fe0bac4fd3d2ab1d2ca35e87ef8b1294a84cd6,BN6_NCMENU_MOVED,value,,BN6_NCMENU_MODE,,,,0x24,"BN6_NCMENU_MODE: a placed program held over the board ... the list's cursor row on the screen, u16 ... the list's scroll, u16: the entry under the cursor is their sum (bn6f sub_8136218) ... the board's cursor, or the program held, on the 7x7 grid (BN6_NAVICUST_GRID): its column, u16 ... its row, u16",,,src/emu/bn6.h:387
BN6 Cybeast Gregar (USA),89fe0bac4fd3d2ab1d2ca35e87ef8b1294a84cd6,BN6_NCMENU_PLACED,value,,BN6_NCMENU_MODE,,,,0x1C,BN6_NCMENU_MODE: a placed program's move or remove,,,src/emu/bn6.h:385
BN6 Cybeast Gregar (USA),89fe0bac4fd3d2ab1d2ca35e87ef8b1294a84cd6,BN6_NCMENU_ROW,value,,BN6_NCMENU_MODE,,,,0x20,"BN6_NCMENU_MODE: a placed program held over the board ... the list's cursor row on the screen, u16 ... the list's scroll, u16: the entry under the cursor is their sum (bn6f sub_8136218) ... the board's cursor, or the program held, on the 7x7 grid (BN6_NAVICUST_GRID): its column, u16 ... its row, u16",,,src/emu/bn6.h:388
BN6 Cybeast Gregar (USA),89fe0bac4fd3d2ab1d2ca35e87ef8b1294a84cd6,BN6_NCMENU_SCROLL,value,,BN6_NCMENU_MODE,,,,0x24,"BN6_NCMENU_MODE: a placed program held over the board ... the list's cursor row on the screen, u16 ... the list's scroll, u16: the entry under the cursor is their sum (bn6f sub_8136218) ... the board's cursor, or the program held, on the 7x7 grid (BN6_NAVICUST_GRID): its column, u16 ... its row, u16",,,src/emu/bn6.h:389
BN6 Cybeast Gregar (USA),89fe0bac4fd3d2ab1d2ca35e87ef8b1294a84cd6,BN6_NCMENU_TAKE,value,,BN6_NCMENU_MODE,,,,0x10,"BN6_NCMENU_MODE: a program taken from the list, then BN6_NCMENU_HELD",,,src/emu/bn6.h:383
BN6 Cybeast Gregar (USA),89fe0bac4fd3d2ab1d2ca35e87ef8b1294a84cd6,BN6_NCMENU_X,value,,BN6_NCMENU_MODE,,,,0x2A,"BN6_NCMENU_MODE: a placed program held over the board ... the list's cursor row on the screen, u16 ... the list's scroll, u16: the entry under the cursor is their sum (bn6f sub_8136218) ... the board's cursor, or the program held, on the 7x7 grid (BN6_NAVICUST_GRID): its column, u16 ... its row, u16",,,src/emu/bn6.h:390
BN6 Cybeast Gregar (USA),89fe0bac4fd3d2ab1d2ca35e87ef8b1294a84cd6,BN6_NCMENU_Y,value,,BN6_NCMENU_MODE,,,,0x2E,"BN6_NCMENU_MODE: a placed program held over the board ... the list's cursor row on the screen, u16 ... the list's scroll, u16: the entry under the cursor is their sum (bn6f sub_8136218) ... the board's cursor, or the program held, on the 7x7 grid (BN6_NAVICUST_GRID): its column, u16 ... its row, u16",,,src/emu/bn6.h:391
BN6 Cybeast Gregar (USA),89fe0bac4fd3d2ab1d2ca35e87ef8b1294a84cd6,BN6_PANEL_HOLE,value,,BN6_PANEL_TYPE,,,,0x01,BN6_PANEL_TYPE: a hole,,,src/emu/bn6.h:106
BN6 Cybeast Gregar (USA),89fe0bac4fd3d2ab1d2ca35e87ef8b1294a84cd6,BN6_PANEL_PLAIN,value,,BN6_PANEL_TYPE,,,,0x02,BN6_PANEL_TYPE: a plain panel,,,src/emu/bn6.h:107
BN6 Cybeast Gregar (USA),89fe0bac4fd3d2ab1d2ca35e87ef8b1294a84cd6,BN6_PANEL_POISON,value,,BN6_PANEL_TYPE,,,,0x04,BN6_PANEL_TYPE: poison,,,src/emu/bn6.h:108
BN6 Cybeast Gregar (USA),89fe0bac4fd3d2ab1d2ca35e87ef8b1294a84cd6,BN6_PANEL_STRUCK,value,,BN6_PANEL_FLAGS,,,,0x40000000,BN6_PANEL_FLAGS: an enemy's attack on the panel,,,src/emu/bn6.h:109
BN6 Cybeast Gregar (USA),89fe0bac4fd3d2ab1d2ca35e87ef8b1294a84cd6,BN6_PHASE_CUSTOM,value,,BN6_BATTLE_PHASE,,,,0x08,BN6_BATTLE_PHASE: the Custom screen open,,,src/emu/bn6.h:84
BN6 Cybeast Gregar (USA),89fe0bac4fd3d2ab1d2ca35e87ef8b1294a84cd6,BN6_SUB_BATTLE,value,,BN6_GAMESTATE,,,,0x0C,BN6_GAMESTATE: in battle,,,src/emu/bn6.h:396
BN6 Cybeast Gregar (USA),89fe0bac4fd3d2ab1d2ca35e87ef8b1294a84cd6,BN6_SUB_BATTLE_INIT,value,,BN6_GAMESTATE,,,,0x08,BN6_GAMESTATE: a battle beginning,,,src/emu/bn6.h:395
BN6 Cybeast Gregar (USA),89fe0bac4fd3d2ab1d2ca35e87ef8b1294a84cd6,BN6_SUB_MAP,value,,BN6_GAMESTATE,,,,0x04,BN6_GAMESTATE: on the map,,,src/emu/bn6.h:394
BN6 Cybeast Gregar (USA),89fe0bac4fd3d2ab1d2ca35e87ef8b1294a84cd6,BN6_SUB_PET,value,,BN6_GAMESTATE,,,,0x18,"BN6_GAMESTATE: the PET's menu, opened by START on the map (bn6f sub_8005AF4)",,,src/emu/bn6.h:397
BN6 Cybeast Gregar (USA),89fe0bac4fd3d2ab1d2ca35e87ef8b1294a84cd6,BN6_NPC_IN_USE,field,,BN6_NPC_OBJECTS,0x00,,,,bit 0 in use,docs/ROM_DATA.md:22 (The game's structures read field by field),"Verified by `CYBERWORLD_STATE_POS=1`, whose state prints MegaMan's position and every NPC's (`npc N ... at x y z`) where they stand on the map, and by an autopilot run whose log is the same, line for line, as before the names.",src/emu/bn6.h:67
BN6 Cybeast Gregar (USA),89fe0bac4fd3d2ab1d2ca35e87ef8b1294a84cd6,BN6_NPC_STATE,field,,BN6_NPC_OBJECTS,0x08,,,,CurState,docs/ROM_DATA.md:22 (The game's structures read field by field),"Verified by `CYBERWORLD_STATE_POS=1`, whose state prints MegaMan's position and every NPC's (`npc N ... at x y z`) where they stand on the map, and by an autopilot run whose log is the same, line for line, as before the names.",src/emu/bn6.h:68
BN6 Cybeast Gregar (USA),89fe0bac4fd3d2ab1d2ca35e87ef8b1294a84cd6,BN6_NPC_RADIUS,field,,BN6_NPC_OBJECTS,0x0C,,,,"CollisionRadius: 0 none, which the engine sets to let MegaMan through",docs/ROM_DATA.md:22 (The game's structures read field by field),"Verified by `CYBERWORLD_STATE_POS=1`, whose state prints MegaMan's position and every NPC's (`npc N ... at x y z`) where they stand on the map, and by an autopilot run whose log is the same, line for line, as before the names.",src/emu/bn6.h:69
BN6 Cybeast Gregar (USA),89fe0bac4fd3d2ab1d2ca35e87ef8b1294a84cd6,BN6_NPC_Z_REACH,field,,BN6_NPC_OBJECTS,0x0D,,,,ZReach,docs/ROM_DATA.md:22 (The game's structures read field by field),"Verified by `CYBERWORLD_STATE_POS=1`, whose state prints MegaMan's position and every NPC's (`npc N ... at x y z`) where they stand on the map, and by an autopilot run whose log is the same, line for line, as before the names.",src/emu/bn6.h:70
BN6 Cybeast Gregar (USA),89fe0bac4fd3d2ab1d2ca35e87ef8b1294a84cd6,BN6_NPC_CENTER_X,field,,BN6_NPC_OBJECTS,0x11,,,,"CenterOffsetX and Y: its collision centre's offsets, s8",docs/ROM_DATA.md:22 (The game's structures read field by field),"Verified by `CYBERWORLD_STATE_POS=1`, whose state prints MegaMan's position and every NPC's (`npc N ... at x y z`) where they stand on the map, and by an autopilot run whose log is the same, line for line, as before the names.",src/emu/bn6.h:71
BN6 Cybeast Gregar (USA),89fe0bac4fd3d2ab1d2ca35e87ef8b1294a84cd6,BN6_NPC_CENTER_Y,field,,BN6_NPC_OBJECTS,0x12,,,,"CenterOffsetX and Y: its collision centre's offsets, s8",docs/ROM_DATA.md:22 (The game's structures read field by field),"Verified by `CYBERWORLD_STATE_POS=1`, whose state prints MegaMan's position and every NPC's (`npc N ... at x y z`) where they stand on the map, and by an autopilot run whose log is the same, line for line, as before the names.",src/emu/bn6.h:72
BN6 Cybeast Gregar (USA),89fe0bac4fd3d2ab1d2ca35e87ef8b1294a84cd6,BN6_NPC_LOCKED,field,,BN6_NPC_OBJECTS,0x17,,,,InteractionLocked,docs/ROM_DATA.md:22 (The game's structures read field by field),"Verified by `CYBERWORLD_STATE_POS=1`, whose state prints MegaMan's position and every NPC's (`npc N ... at x y z`) where they stand on the map, and by an autopilot run whose log is the same, line for line, as before the names.",src/emu/bn6.h:73
BN6 Cybeast Gregar (USA),89fe0bac4fd3d2ab1d2ca35e87ef8b1294a84cd6,BN6_NPC_SCRIPT,field,,BN6_NPC_OBJECTS,0x1C,,,,TextScriptIndex,docs/ROM_DATA.md:22 (The game's structures read field by field),"Verified by `CYBERWORLD_STATE_POS=1`, whose state prints MegaMan's position and every NPC's (`npc N ... at x y z`) where they stand on the map, and by an autopilot run whose log is the same, line for line, as before the names.",src/emu/bn6.h:74
BN6 Cybeast Gregar (USA),89fe0bac4fd3d2ab1d2ca35e87ef8b1294a84cd6,BN6_NPC_X16,field,,BN6_NPC_OBJECTS,0x26,,,,"X16, Y16, Z16: its position's whole world units (s16)",docs/ROM_DATA.md:22 (The game's structures read field by field),"Verified by `CYBERWORLD_STATE_POS=1`, whose state prints MegaMan's position and every NPC's (`npc N ... at x y z`) where they stand on the map, and by an autopilot run whose log is the same, line for line, as before the names.",src/emu/bn6.h:75
BN6 Cybeast Gregar (USA),89fe0bac4fd3d2ab1d2ca35e87ef8b1294a84cd6,BN6_NPC_Y16,field,,BN6_NPC_OBJECTS,0x2A,,,,"X16, Y16, Z16: its position's whole world units (s16)",docs/ROM_DATA.md:22 (The game's structures read field by field),"Verified by `CYBERWORLD_STATE_POS=1`, whose state prints MegaMan's position and every NPC's (`npc N ... at x y z`) where they stand on the map, and by an autopilot run whose log is the same, line for line, as before the names.",src/emu/bn6.h:76
BN6 Cybeast Gregar (USA),89fe0bac4fd3d2ab1d2ca35e87ef8b1294a84cd6,BN6_NPC_Z16,field,,BN6_NPC_OBJECTS,0x2E,,,,"X16, Y16, Z16: its position's whole world units (s16)",docs/ROM_DATA.md:22 (The game's structures read field by field),"Verified by `CYBERWORLD_STATE_POS=1`, whose state prints MegaMan's position and every NPC's (`npc N ... at x y z`) where they stand on the map, and by an autopilot run whose log is the same, line for line, as before the names.",src/emu/bn6.h:77
BN6 Cybeast Gregar (USA),89fe0bac4fd3d2ab1d2ca35e87ef8b1294a84cd6,BN6_T1_IN_PLAY,field,,BN6_T1_OBJECTS,0x00,,,,bit 0 in play,docs/ROM_DATA.md:22 (The game's structures read field by field); docs/ROM_DATA.md:126 (Dev tools),"Verified by `CYBERWORLD_STATE_POS=1`, whose state prints MegaMan's position and every NPC's (`npc N ... at x y z`) where they stand on the map, and by an autopilot run whose log is the same, line for line, as before the names.",src/emu/bn6.h:114
BN6 Cybeast Gregar (USA),89fe0bac4fd3d2ab1d2ca35e87ef8b1294a84cd6,BN6_T1_ACTION,field,,BN6_T1_OBJECTS,0x09,,,,"CurAction: MegaMan's BN6_MEGAMAN_READY when he can act, 0x10 a step, 0x12-0x16 a chip",docs/ROM_DATA.md:22 (The game's structures read field by field); docs/ROM_DATA.md:126 (Dev tools),"Verified by `CYBERWORLD_STATE_POS=1`, whose state prints MegaMan's position and every NPC's (`npc N ... at x y z`) where they stand on the map, and by an autopilot run whose log is the same, line for line, as before the names.",src/emu/bn6.h:115
BN6 Cybeast Gregar (USA),89fe0bac4fd3d2ab1d2ca35e87ef8b1294a84cd6,BN6_T1_ELEMENT,field,,BN6_T1_OBJECTS,0x0E,,,,Element,docs/ROM_DATA.md:22 (The game's structures read field by field); docs/ROM_DATA.md:126 (Dev tools),"Verified by `CYBERWORLD_STATE_POS=1`, whose state prints MegaMan's position and every NPC's (`npc N ... at x y z`) where they stand on the map, and by an autopilot run whose log is the same, line for line, as before the names.",src/emu/bn6.h:126
BN6 Cybeast Gregar (USA),89fe0bac4fd3d2ab1d2ca35e87ef8b1294a84cd6,BN6_T1_PANEL_X,field,,BN6_T1_OBJECTS,0x12,,,,"PanelX and PanelY: its column and row, 0 off the field",docs/ROM_DATA.md:22 (The game's structures read field by field); docs/ROM_DATA.md:126 (Dev tools),"Verified by `CYBERWORLD_STATE_POS=1`, whose state prints MegaMan's position and every NPC's (`npc N ... at x y z`) where they stand on the map, and by an autopilot run whose log is the same, line for line, as before the names.",src/emu/bn6.h:117
BN6 Cybeast Gregar (USA),89fe0bac4fd3d2ab1d2ca35e87ef8b1294a84cd6,BN6_T1_PANEL_Y,field,,BN6_T1_OBJECTS,0x13,,,,"PanelX and PanelY: its column and row, 0 off the field",docs/ROM_DATA.md:22 (The game's structures read field by field); docs/ROM_DATA.md:126 (Dev tools),"Verified by `CYBERWORLD_STATE_POS=1`, whose state prints MegaMan's position and every NPC's (`npc N ... at x y z`) where they stand on the map, and by an autopilot run whose log is the same, line for line, as before the names.",src/emu/bn6.h:118
BN6 Cybeast Gregar (USA),89fe0bac4fd3d2ab1d2ca35e87ef8b1294a84cd6,BN6_T1_FUTURE_X,field,,BN6_T1_OBJECTS,0x14,,,,"FuturePanelX and Y: the panel it is headed for (a thrown attack's landing), 0 none",docs/ROM_DATA.md:22 (The game's structures read field by field); docs/ROM_DATA.md:126 (Dev tools),"Verified by `CYBERWORLD_STATE_POS=1`, whose state prints MegaMan's position and every NPC's (`npc N ... at x y z`) where they stand on the map, and by an autopilot run whose log is the same, line for line, as before the names.",src/emu/bn6.h:119
BN6 Cybeast Gregar (USA),89fe0bac4fd3d2ab1d2ca35e87ef8b1294a84cd6,BN6_T1_FUTURE_Y,field,,BN6_T1_OBJECTS,0x15,,,,"FuturePanelX and Y: the panel it is headed for (a thrown attack's landing), 0 none",docs/ROM_DATA.md:22 (The game's structures read field by field); docs/ROM_DATA.md:126 (Dev tools),"Verified by `CYBERWORLD_STATE_POS=1`, whose state prints MegaMan's position and every NPC's (`npc N ... at x y z`) where they stand on the map, and by an autopilot run whose log is the same, line for line, as before the names.",src/emu/bn6.h:120
BN6 Cybeast Gregar (USA),89fe0bac4fd3d2ab1d2ca35e87ef8b1294a84cd6,BN6_T1_ALLIANCE,field,,BN6_T1_OBJECTS,0x16,,,,"Alliance: 0 MegaMan's side, 1 the enemies'",docs/ROM_DATA.md:22 (The game's structures read field by field); docs/ROM_DATA.md:126 (Dev tools),"Verified by `CYBERWORLD_STATE_POS=1`, whose state prints MegaMan's position and every NPC's (`npc N ... at x y z`) where they stand on the map, and by an autopilot run whose log is the same, line for line, as before the names.",src/emu/bn6.h:121
BN6 Cybeast Gregar (USA),89fe0bac4fd3d2ab1d2ca35e87ef8b1294a84cd6,BN6_T1_HP,field,,BN6_T1_OBJECTS,0x24,2,,,"HP and MaxHP, u16",docs/ROM_DATA.md:22 (The game's structures read field by field); docs/ROM_DATA.md:126 (Dev tools),"Verified by `CYBERWORLD_STATE_POS=1`, whose state prints MegaMan's position and every NPC's (`npc N ... at x y z`) where they stand on the map, and by an autopilot run whose log is the same, line for line, as before the names.",src/emu/bn6.h:122
BN6 Cybeast Gregar (USA),89fe0bac4fd3d2ab1d2ca35e87ef8b1294a84cd6,BN6_T1_MAX_HP,field,,BN6_T1_OBJECTS,0x26,2,,,"HP and MaxHP, u16",docs/ROM_DATA.md:22 (The game's structures read field by field); docs/ROM_DATA.md:126 (Dev tools),"Verified by `CYBERWORLD_STATE_POS=1`, whose state prints MegaMan's position and every NPC's (`npc N ... at x y z`) where they stand on the map, and by an autopilot run whose log is the same, line for line, as before the names.",src/emu/bn6.h:123
BN6 Cybeast Gregar (USA),89fe0bac4fd3d2ab1d2ca35e87ef8b1294a84cd6,BN6_T1_NAME_ID,field,,BN6_T1_OBJECTS,0x28,2,,,"NameID, u16: its name, the viruses' (RomLayout.enemy_names[0]) to 0xFF, the Navis' past it",docs/ROM_DATA.md:22 (The game's structures read field by field); docs/ROM_DATA.md:126 (Dev tools),"Verified by `CYBERWORLD_STATE_POS=1`, whose state prints MegaMan's position and every NPC's (`npc N ... at x y z`) where they stand on the map, and by an autopilot run whose log is the same, line for line, as before the names.",src/emu/bn6.h:125
BN6 Cybeast Gregar (USA),89fe0bac4fd3d2ab1d2ca35e87ef8b1294a84cd6,BN6_T1_CHIP,field,,BN6_T1_OBJECTS,0x2A,,,,"the chip it uses next (u16 id), 0xFFFF none",docs/ROM_DATA.md:22 (The game's structures read field by field); docs/ROM_DATA.md:126 (Dev tools),"Verified by `CYBERWORLD_STATE_POS=1`, whose state prints MegaMan's position and every NPC's (`npc N ... at x y z`) where they stand on the map, and by an autopilot run whose log is the same, line for line, as before the names.",src/emu/bn6.h:124
BN6 Cybeast Gregar (USA),89fe0bac4fd3d2ab1d2ca35e87ef8b1294a84cd6,BN6_STEPS_WALKED,field,,BN6_TOOLKIT_STEPS,0x12,,,,S2001c04 +0x12: the distance walked since the last battle,,,src/emu/bn6.h:14
BN6 Cybeast Gregar (USA),89fe0bac4fd3d2ab1d2ca35e87ef8b1294a84cd6,BN6_STEPS_CHECKED,field,,BN6_TOOLKIT_STEPS,0x14,,,,S2001c04 +0x14: where the roll last checked,,,src/emu/bn6.h:15
